Date Sampled,Start Time,End Time,Date Measured,Zone,Location,Vessel,Sampler,Latitude,Longitude,Depth,Trap #,Crab #,Sex,Shell Condition,Carapace Width,Claw Height,Egg Color,Hepato Color,Hepato Texture,% Eggs Remaining,Gonad Color,Missing Legs,Maturity,Barnacles,Spiroidea,Cigarette Burn,Egg Col L,Egg Col a,Egg Col b,Gon Col L,Gon Col a,Gon Col b,Hep Col L,Hep Col a,Hep Col b,Commentaire,Crab Weight,Gonad Weight,Hepato Weight,"Total 
egg weight","Weight
 sub-total","Sub 
eggcount","Total 
egg count",Egg Dev.,Comments (Eggs),,,,,,,,,,
03062017,14:30,*,05062017,12,Baie-des-Chaleurs,CCGS Perley,R.ALLAIN / M.MORIYASU,4802.546,6458.847,*,*,1,2,4,76.11,*,OP,m,,100,Beige,*1********,M,*,*,*,48.891,29.174,50.416,56.816,12.309,28.302,53.823,7.110,40.243,*,147.4,1.48,8.25,6.028,0.0338,500,#REF!,4,,,,,,,,,,,
03062017,14:30,*,05062017,12,Baie-des-Chaleurs,CCGS Perley,R.ALLAIN / M.MORIYASU,4802.546,6458.847,*,*,2,2,4,73.75,*,OP,m,,100,Beige,*******1**,M,*,*,*,46.690,25.179,41.282,57.406,14.385,25.666,57.414,1.563,10.677,*,126.4,0.99,3.76,3.4142,0.0308,500,#REF!,3,Division Cellulaire,,,,,,,,,,
03062017,14:30,*,05062017,12,Baie-des-Chaleurs,CCGS Perley,R.ALLAIN / M.MORIYASU,4802.546,6458.847,*,*,3,2,4,72.4,*,OP,cm,w,100,OC,**1*******,M,*,*,*,27.524,4.568,7.995,*,*,*,40.356,6.464,19.882,*,127.7,1.04,4.91,3.9615,0.032,500,#REF!,4,,,,,,,,,,,
03062017,14:30,*,05062017,12,Baie-des-Chaleurs,CCGS Perley,R.ALLAIN / M.MORIYASU,4802.546,6458.847,*,*,4,2,4,82.24,*,OP,cm,,100,Orange,**********,M,*,*,*,40.606,26.056,29.816,53.132,33.969,50.004,41.631,6.102,23.546,*,181,7.9,9.71,5.0923,0.0307,500,#REF!,7,,,,,,,,,,,
03062017,14:30,*,05062017,12,Baie-des-Chaleurs,CCGS Perley,R.ALLAIN / M.MORIYASU,4802.546,6458.847,*,*,5,2,4,78.49,*,OF,cm,w,100,Orange,**********,M,*,*,*,38.119,22.590,24.863,55.704,23.458,35.160,40.536,6.140,17.907,*,191.2,2.97,7.26,4.3175,0.0294,500,#REF!,7,,,,,,,,,,,
03062017,14:30,*,05062017,12,Baie-des-Chaleurs,CCGS Perley,R.ALLAIN / M.MORIYASU,4802.546,6458.847,*,*,6,2,4,79.98,*,OP,cm,,100,OC,**********,M,*,*,*,44.963,26.793,39.310,58.405,12.693,23.976,40.690,4.676,15.483,*,177.8,1.69,7.13,5.6607,0.0324,500,#REF!,3,Division Cellulaire,,,,,,,,,,
03062017,14:30,*,05062017,12,Baie-des-Chaleurs,CCGS Perley,R.ALLAIN / M.MORIYASU,4802.546,6458.847,*,*,7,2,4,74.75,*,OF,cm,,100,Orange,**********,M,*,*,*,40.930,25.117,27.631,52.765,33.435,44.552,51.630,8.351,29.657,*,147.3,6.18,7.58,5.5196,0.0319,500,#REF!,7,,,,,,,,,,,
03062017,14:30,*,05062017,12,Baie-des-Chaleurs,CCGS Perley,R.ALLAIN / M.MORIYASU,4802.546,6458.847,*,*,8,2,4,76.86,*,OF,cm,,100,Orange,**********,M,*,*,*,43.301,24.894,29.172,54.083,31.732,44.555,46.654,8.072,23.651,*,163.3,5.58,7.71,5.0194,0.0316,500,#REF!,7,,,,,,,,,,,
03062017,14:30,*,05062017,12,Baie-des-Chaleurs,CCGS Perley,R.ALLAIN / M.MORIYASU,4802.546,6458.847,*,*,9,2,4,66.49,*,OF,cm,,100,Orange,*****1****,M,*,*,*,38.514,23.260,21.666,52.481,35.481,45.009,50.657,4.037,20.408,*,99.3,5.37,5.22,3.2835,0.0301,500,#REF!,7,,,,,,,,,,,
03062017,14:30,*,05062017,12,Baie-des-Chaleurs,CCGS Perley,R.ALLAIN / M.MORIYASU,4802.546,6458.847,*,*,10,2,4,77.2,*,OP,cm,,100,Beige,**********,M,*,*,*,49.156,29.121,39.449,58.361,6.625,14.396,47.349,4.389,17.560,*,164.2,2.93,5.75,5.2657,0.0344,500,#REF!,3,,,,,,,,,,,
03062017,14:30,*,05062017,12,Baie-des-Chaleurs,CCGS Perley,R.ALLAIN / M.MORIYASU,4802.546,6458.847,*,*,11,2,4,62.2,*,OP,cm,,100,Orange,****7*****,M,*,*,*,44.164,23.636,31.802,51.953,31.434,44.747,48.532,4.366,19.867,*,122.8,6.96,6.69,4.364,0.03,500,78695.26627,7,,,,,,,,,,,
03062017,14:30,*,05062017,12,Baie-des-Chaleurs,CCGS Perley,R.ALLAIN / M.MORIYASU,4802.546,6458.847,*,*,12,2,4,82.76,*,OP,cm,,100,Orange,***1******,M,*,*,*,41.151,20.672,25.326,51.939,28.735,43.834,53.226,3.715,24.301,*,185,7.25,8.51,5.3198,0.0323,500,51711.03896,7,,,,,,,,,,,
03062017,14:30,*,05062017,12,Baie-des-Chaleurs,CCGS Perley,R.ALLAIN / M.MORIYASU,4802.546,6458.847,*,*,13,2,4,70.73,*,OP,cm,w,100,Beige,**********,M,*,*,*,48.425,27.827,39.874,55.920,6.133,15.063,33.732,5.557,12.208,*,119.2,1.84,4.67,3.1854,0.0331,500,49259.375,3,,,,,,,,,,,
03062017,14:30,*,05062017,12,Baie-des-Chaleurs,CCGS Perley,R.ALLAIN / M.MORIYASU,4802.546,6458.847,*,*,14,2,4,66.09,*,OF,m,w,100,Orange,******1***,M,*,*,*,39.364,24.314,25.669,49.384,32.600,41.932,41.881,9.042,22.367,*,96.5,3.93,5.12,3.1526,0.0294,500,46100.9772,7,,,,,,,,,,,
03062017,14:30,*,05062017,12,Baie-des-Chaleurs,CCGS Perley,R.ALLAIN / M.MORIYASU,4802.546,6458.847,*,*,15,2,4,70.19,*,OF,cm,w,100,OC,****1*****,M,*,*,*,40.961,22.672,28.836,57.653,16.686,35.298,40.933,6.625,16.840,*,117.1,2.39,4.46,2.8306,0.031,500,54202.38095,7,,,,,,,,,,,
03062017,14:30,*,05062017,12,Baie-des-Chaleurs,CCGS Perley,R.ALLAIN / M.MORIYASU,4802.546,6458.847,*,*,16,2,4,68.78,*,OF,cm,w,100,OC,*1********,M,*,*,*,39.396,23.355,28.042,55.433,20.732,36.355,33.683,7.846,12.304,*,112.1,2.25,4.94,3.1871,0.0296,500,62339.50617,7,,,,,,,,,,,
03062017,14:30,*,05062017,12,Baie-des-Chaleurs,CCGS Perley,R.ALLAIN / M.MORIYASU,4802.546,6458.847,*,*,17,2,4,72.7,*,OP,cm,w,100,Beige,*******77*,M,*,*,*,48.623,26.241,41.767,58.654,6.425,16.322,40.998,4.577,17.590,*,124.3,3.15,5.7,4.0396,0.0347,500,47365.20376,NF ,,,,,,,,,,,
03062017,14:30,*,05062017,12,Baie-des-Chaleurs,CCGS Perley,R.ALLAIN / M.MORIYASU,4802.546,6458.847,*,*,18,2,4,73.93,*,OP,dm,w,100,Beige,**********,M,*,*,*,39.802,19.053,26.932,60.647,10.531,28.778,35.534,5.575,10.517,*,138.2,3.21,6.37,3.0219,0.0288,500,59920.88608,7,,,,,,,,,,,
03062017,14:30,*,05062017,12,Baie-des-Chaleurs,CCGS Perley,R.ALLAIN / M.MORIYASU,4802.546,6458.847,*,*,19,2,4,78.61,*,OP,cm,w,100,Beige,**1*1*****,M,*,*,*,40.233,18.212,25.173,55.714,11.493,24.682,44.637,6.575,19.758,*,169.8,2.49,6.25,3.787,0.0258,500,83493.35548,8,,,,,,,,,,,
03062017,14:30,*,05062017,12,Baie-des-Chaleurs,CCGS Perley,R.ALLAIN / M.MORIYASU,4802.546,6458.847,*,*,20,2,4,73.32,*,OP,dm,,100,Beige,**********,M,*,*,*,45.880,27.678,38.417,64.541,2.418,13.611,38.966,4.573,13.515,*,131.4,2.19,4.43,5.0263,0.0332,500,30418.60465,NF ,,,,,,,,,,,
03062017,14:30,*,05062017,12,Baie-des-Chaleurs,CCGS Perley,R.ALLAIN / M.MORIYASU,4802.546,6458.847,*,*,21,2,4,58.35,*,OF,cm,,100,Orange,**1*******,M,*,*,*,38.289,20.611,19.294,51.778,37.423,47.063,45.016,5.181,19.778,*,71.3,2.44,3.69,2.0928,0.031,500,69010,7,,,,,,,,,,,
03062017,14:30,*,05062017,12,Baie-des-Chaleurs,CCGS Perley,R.ALLAIN / M.MORIYASU,4802.546,6458.847,*,*,22,2,4,72.87,*,OF,cm,w,100,Orange,*********1,M,*,*,*,39.616,21.335,26.790,54.901,30.949,50.475,43.224,3.443,14.863,*,134.7,7.78,8.03,4.1406,0.0306,500,54148.60681,8,,,,,,,,,,,
03062017,14:30,*,05062017,12,Baie-des-Chaleurs,CCGS Perley,R.ALLAIN / M.MORIYASU,4802.546,6458.847,*,*,23,2,4,70.64,*,OP,dm,w,100,Orange,**********,M,*,*,*,48.235,29.752,41.992,52.403,18.080,26.520,32.173,5.180,13.586,*,120.2,3.39,4.41,3.498,0.0333,500,92172.20544,NF ,,,,,,,,,,,
03062017,14:30,*,05062017,12,Baie-des-Chaleurs,CCGS Perley,R.ALLAIN / M.MORIYASU,4802.546,6458.847,*,*,24,2,4,78.52,*,OP,cm,,100,Beige,**********,M,*,*,*,48.465,30.183,43.029,57.112,5.426,13.112,44.662,5.343,17.091,*,181.1,1.92,7.58,6.1018,0.0333,500,74331.63265,NF ,,,,,,,,,,,
03062017,14:30,*,05062017,12,Baie-des-Chaleurs,CCGS Perley,R.ALLAIN / M.MORIYASU,4802.546,6458.847,*,*,25,2,4,65.68,*,OP,dm,,100,Beige,**********,M,*,*,*,45.903,28.722,40.926,57.200,8.751,17.027,41.899,6.659,17.183,*,115.2,1.41,4.28,4.3707,0.032,500,37458.06452,3,Division Cellulaire,,,,,,,,,,
03062017,14:30,*,05062017,12,Baie-des-Chaleurs,CCGS Perley,R.ALLAIN / M.MORIYASU,4802.546,6458.847,*,*,26,2,4,58.71,*,OP,cm,w,100,Beige,**********,M,*,*,*,46.102,21.507,34.014,60.313,4.815,15.519,41.264,4.477,17.033,*,89.8,1.32,2.93,2.3224,0.0282,500,72155.40541,3,Division Cellulaire,,,,,,,,,,
03062017,14:30,*,05062017,12,Baie-des-Chaleurs,CCGS Perley,R.ALLAIN / M.MORIYASU,4802.546,6458.847,*,*,27,2,4,70.15,*,OP,cm,,100,Beige,**********,M,*,*,*,44.481,26.553,36.804,56.977,5.931,14.418,39.318,4.954,16.891,*,131.1,2.24,5.48,4.2716,0.0318,500,67922.1902,3,Division Cellulaire,,,,,,,,,,
03062017,14:30,*,05062017,12,Baie-des-Chaleurs,CCGS Perley,R.ALLAIN / M.MORIYASU,4802.546,6458.847,*,*,28,2,4,68.09,*,OP,cm,,100,Orange,**********,M,*,*,*,43.313,26.475,34.248,52.371,30.776,47.452,49.441,4.140,20.356,*,129.8,6.81,6.7,4.7138,0.0321,500,63416.66667,6,,,,,,,,,,,
03062017,14:30,*,05062017,12,Baie-des-Chaleurs,CCGS Perley,R.ALLAIN / M.MORIYASU,4802.546,6458.847,*,*,29,2,4,70.39,*,OP,cm,w,100,Beige,********1*,M,*,*,*,48.387,25.872,40.104,59.814,5.995,19.291,37.096,5.409,18.017,*,124.1,2.24,6.13,3.6528,0.03,500,96430.23256,3,Division Cellulaire,,,,,,,,,,
03062017,14:30,*,05062017,12,Baie-des-Chaleurs,CCGS Perley,R.ALLAIN / M.MORIYASU,4802.546,6458.847,*,*,30,2,4,81.6,*,OF,cm,,100,Orange,*******1**,M,*,*,*,39.047,19.678,26.371,50.411,13.660,29.860,49.611,4.494,20.046,*,177,9.83,7.97,4.9758,0.0278,500,73780.12048,9,,,,,,,,,,,
03062017,14:30,*,05062017,12,Baie-des-Chaleurs,CCGS Perley,R.ALLAIN / M.MORIYASU,4802.546,6458.847,*,*,31,2,4,79.29,*,OP,dm,,100,Beige,**********,M,*,*,*,49.652,28.557,43.967,54.904,5.187,14.736,38.663,4.332,19.241,*,182.3,3.78,6.01,4.899,0.0311,500,41308.06452,NF ,,,,,,,,,,,
03062017,14:30,*,05062017,12,Baie-des-Chaleurs,CCGS Perley,R.ALLAIN / M.MORIYASU,4802.546,6458.847,*,*,32,2,4,59.04,*,OF,cm,w,100,Orange,*1*******1,M,*,*,*,39.440,21.547,27.358,53.417,33.141,49.006,46.509,5.029,18.090,*,83.1,3.79,4.99,2.5611,0.0318,500,82968.95425,7,,,,,,,,,,,
03062017,14:30,*,05062017,12,Baie-des-Chaleurs,CCGS Perley,R.ALLAIN / M.MORIYASU,4802.546,6458.847,*,*,33,2,4,74.49,*,OF,m,,100,Orange,**********,M,*,*,*,45.474,21.678,25.820,51.411,32.863,45.901,49.294,5.065,28.425,*,182.3,8.23,9.44,5.0777,0.032,500,67533.03303,7,,,,,,,,,,,
03062017,14:30,*,05062017,12,Baie-des-Chaleurs,CCGS Perley,R.ALLAIN / M.MORIYASU,4802.546,6458.847,*,*,34,2,4,72.28,*,OP,dm,,100,Beige,**********,M,*,*,*,48.577,29.227,44.045,55.345,4.804,13.642,30.968,6.728,13.234,*,142.3,2.13,4.87,4.4977,0.0333,500,60294.29429,NF ,,,,,,,,,,,
03062017,14:30,*,05062017,12,Baie-des-Chaleurs,CCGS Perley,R.ALLAIN / M.MORIYASU,4802.546,6458.847,*,*,35,2,4,75.23,*,OF,cm,w,100,Orange,******1***,M,*,*,*,39.194,22.385,27.683,56.407,34.634,52.836,46.475,9.295,30.476,*,153.3,9.02,7.46,4.0156,0.0299,500,62798.4375,7,,,,,,,,,,,
03062017,14:30,*,05062017,12,Baie-des-Chaleurs,CCGS Perley,R.ALLAIN / M.MORIYASU,4802.546,6458.847,*,*,36,2,4,74.5,*,OF,dm,w,100,Orange,**********,M,*,*,*,38.075,25.688,26.313,55.860,30.994,50.653,36.822,7.248,15.987,*,133.3,4.12,6.08,4.0191,0.0304,500,43560.28369,7,,,,,,,,,,,
03062017,14:30,*,05062017,12,Baie-des-Chaleurs,CCGS Perley,R.ALLAIN / M.MORIYASU,4802.546,6458.847,*,*,37,2,4,77.5,*,OP,dm,,50,Beige,****1*1***,M,*,*,*,47.598,22.466,37.575,61.307,2.133,18.958,29.354,5.335,6.981,*,142.7,2.66,3.73,2.4568,0.0281,500,69490.56604,NF ,,,,,,,,,,,
03062017,14:30,*,05062017,12,Baie-des-Chaleurs,CCGS Perley,R.ALLAIN / M.MORIYASU,4802.546,6458.847,*,*,38,2,4,72.26,*,OP,dm,,100,Beige,********1*,M,*,*,*,45.897,26.515,40.246,65.962,8.028,23.858,35.298,6.814,12.170,*,127.3,2.07,5.01,4.4196,0.0301,500,80510.90343,3,Division Cellulaire,,,,,,,,,,
03062017,14:30,*,05062017,12,Baie-des-Chaleurs,CCGS Perley,R.ALLAIN / M.MORIYASU,4802.546,6458.847,*,*,39,2,4,72.18,*,OF,cm,,100,Orange,**********,M,*,*,*,39.646,26.033,31.516,40.835,24.903,30.266,52.293,36.101,49.538,*,141.1,8.29,5.97,5.1688,0.031,500,#VALUE!,7,,,,,,,,,,,
03062017,14:30,*,05062017,12,Baie-des-Chaleurs,CCGS Perley,R.ALLAIN / M.MORIYASU,4802.546,6458.847,*,*,40,2,4,66.77,*,OP,dm,,100,Beige,**********,M,*,*,*,46.131,7.096,23.987,61.421,5.618,16.146,39.291,4.619,13.044,*,119.4,2.05,5.13,-,-,500,#VALUE!,3,Division Cellulaire,,,,,,,,,,
03062017,14:30,*,05062017,12,Baie-des-Chaleurs,CCGS Perley,R.ALLAIN / M.MORIYASU,4802.546,6458.847,*,*,41,2,4,79.31,*,OF,cm,w,100,Beige,**********,M,*,*,*,38.734,22.643,28.859,60.353,10.802,27.214,41.539,5.929,15.235,*,165.4,2.77,7.5,3.4923,0.0286,500,52169.58042,7,,,,,,,,,,,
03062017,14:30,*,05062017,12,Baie-des-Chaleurs,CCGS Perley,R.ALLAIN / M.MORIYASU,4802.546,6458.847,*,*,42,2,4,66.1,*,OF,cm,w,100,Orange,***1******,M,*,*,*,37.284,25.729,28.442,53.958,32.157,47.110,46.800,4.923,17.666,*,96.9,4.35,5.21,2.9841,0.0305,500,71931.14754,7,,,,,,,,,,,
03062017,14:30,*,05062017,12,Baie-des-Chaleurs,CCGS Perley,R.ALLAIN / M.MORIYASU,4802.546,6458.847,*,*,43,2,4,75.28,*,OF,cm,w,100,Orange,1*********,M,*,*,*,39.494,23.672,25.842,52.338,35.289,48.442,43.749,6.790,26.244,*,134.9,6.71,7.36,4.3878,0.0305,500,57286.88525,8,,,,,,,,,,,
03062017,14:30,*,05062017,12,Baie-des-Chaleurs,CCGS Perley,R.ALLAIN / M.MORIYASU,4802.546,6458.847,*,*,44,2,4,71.55,*,OP,cm,,100,OC,**********,M,*,*,*,40.628,23.874,31.346,59.146,24.714,43.685,43.768,3.713,18.989,*,134.9,4.12,5.88,3.4945,0.033,500,54262.12121,7,,,,,,,,,,,
03062017,14:30,*,05062017,12,Baie-des-Chaleurs,CCGS Perley,R.ALLAIN / M.MORIYASU,4802.546,6458.847,*,*,45,2,4,61.6,*,OF,m,,100,Orange,**********,M,*,*,*,40.941,22.731,31.788,53.063,35.330,49.399,48.979,2.690,23.712,*,99.2,5.33,4.35,3.5813,0.0307,500,21180.78176,7,,,,,,,,,,,
03062017,14:30,*,05062017,12,Baie-des-Chaleurs,CCGS Perley,R.ALLAIN / M.MORIYASU,4802.546,6458.847,*,*,46,2,4,56.11,*,OP,dm,w,90,Beige,*****11***,M,*,*,*,46.550,28.996,39.953,65.760,2.441,21.037,34.287,8.939,12.060,*,55.7,0.95,2.01,1.3005,0.0262,500,70839.69466,NF ,,,,,,,,,,,
03062017,14:30,*,05062017,12,Baie-des-Chaleurs,CCGS Perley,R.ALLAIN / M.MORIYASU,4802.546,6458.847,*,*,47,2,4,77.87,*,OP,cm,,100,Orange,**********,M,*,*,*,40.601,20.686,30.372,57.320,30.902,49.720,46.469,4.330,23.164,*,168.7,5.62,9.38,3.712,0.0274,500,63076.64234,7,,,,,,,,,,,
03062017,14:30,*,05062017,12,Baie-des-Chaleurs,CCGS Perley,R.ALLAIN / M.MORIYASU,4802.546,6458.847,*,*,48,2,4,72.46,*,OF,cm,,100,Orange,*****1**1*,M,*,*,*,37.229,24.893,25.598,56.569,16.882,31.830,46.353,7.456,26.471,*,128.7,3.97,7.3,3.4566,0.0323,500,64541.79567,7,,,,,,,,,,,
03062017,14:30,*,05062017,12,Baie-des-Chaleurs,CCGS Perley,R.ALLAIN / M.MORIYASU,4802.546,6458.847,*,*,49,2,4,78.46,*,OF,cm,,100,OC,**********,M,*,*,*,41.078,23.666,27.448,56.598,27.043,44.968,46.465,4.386,18.581,*,178.4,3.87,8.47,4.1694,0.0283,500,65733.21555,6,,,,,,,,,,,
03062017,14:30,*,05062017,12,Baie-des-Chaleurs,CCGS Perley,R.ALLAIN / M.MORIYASU,4802.546,6458.847,*,*,50,2,4,72.34,*,OF,cm,w,100,Orange,*1******1*,M,*,*,*,38.962,20.811,27.562,59.150,23.196,44.955,50.357,3.461,20.883,*,125.5,3.69,6.79,3.7205,0.0288,500,#REF!,7,,,,,,,,,,,
03062017,14:30,*,05062017,12,Baie-des-Chaleurs,CCGS Perley,R.ALLAIN / M.MORIYASU,4802.546,6458.847,*,*,51,2,4,79.49,*,OF,cm,,90,Orange,********1*,M,*,*,*,37.227,23.554,25.144,53.990,35.254,49.850,44.904,29.069,37.335,*,155.1,6.47,8.6,4.33,0.0305,500,70983.60656,7,,,,,,,,,,,
03062017,14:30,*,05062017,12,Baie-des-Chaleurs,CCGS Perley,R.ALLAIN / M.MORIYASU,4802.546,6458.847,*,*,52,2,4,59.18,*,OC,cm,,100,Beige,**********,M,*,*,*,*,*,*,*,*,*,56.664,9.780,17.082,*,87.8,1.07,4.42,2.7134,0.0331,500,40987.91541,3,Division Cellulaire,,,,,,,,,,
03062017,14:30,*,05062017,12,Baie-des-Chaleurs,CCGS Perley,R.ALLAIN / M.MORIYASU,4802.546,6458.847,*,*,53,2,4,70.58,*,OF,cm,,100,Orange,1******1**,M,*,*,*,39.192,25.839,25.618,53.925,33.822,46.334,53.592,6.007,22.739,*,117.7,3.99,6.28,3.6865,0.0288,500,64001.73611,7,,,,,,,,,,,
03062017,14:30,*,05062017,12,Baie-des-Chaleurs,CCGS Perley,R.ALLAIN / M.MORIYASU,4802.546,6458.847,*,*,54,2,4,67.41,*,OF,cm,,100,Orange,**********,M,*,*,*,39.484,26.874,28.874,53.406,37.531,49.621,46.463,7.523,25.794,*,126.6,8.01,6.09,5.0141,0.0355,500,70621.12676,7,,,,,,,,,,,
03062017,14:30,*,05062017,12,Baie-des-Chaleurs,CCGS Perley,R.ALLAIN / M.MORIYASU,4802.546,6458.847,*,*,55,2,3M,70.87,*,OP,cm,,100,OC,*********1,M,*,*,*,51.845,25.881,45.585,58.013,15.769,30.696,47.803,2.695,17.555,*,123.6,2.58,6.75,4.6203,0.0306,500,75495.09804,NF ,,,,,,,,,,,
03062017,14:30,*,05062017,12,Baie-des-Chaleurs,CCGS Perley,R.ALLAIN / M.MORIYASU,4802.546,6458.847,*,*,56,2,4,75.01,*,OP,dm,,100,Beige,**********,M,*,*,*,45.244,26.116,36.320,58.114,4.573,16.493,27.660,6.756,3.483,*,137.3,2.02,4.44,3.2457,0.0289,500,56153.97924,3,Division Cellulaire,,,,,,,,,,
03062017,14:30,*,05062017,12,Baie-des-Chaleurs,CCGS Perley,R.ALLAIN / M.MORIYASU,4802.546,6458.847,*,*,57,2,4,63.01,*,OP,cm,,100,Beige,**********,M,*,*,*,46.965,25.825,37.833,52.972,6.084,15.279,40.253,5.577,17.033,*,107.2,1.44,3.47,3.0859,0.0304,500,50754.93421,NF ,,,,,,,,,,,
03062017,14:30,*,05062017,12,Baie-des-Chaleurs,CCGS Perley,R.ALLAIN / M.MORIYASU,4802.546,6458.847,*,*,58,2,4,66.89,*,OP,m,,100,Beige,**********,M,*,*,*,47.456,29.288,40.822,57.219,9.943,19.364,47.817,5.448,22.104,*,116.9,1.75,3.91,4.2662,0.0308,500,69256.49351,3,Division Cellulaire,,,,,,,,,,
03062017,14:30,*,05062017,12,Baie-des-Chaleurs,CCGS Perley,R.ALLAIN / M.MORIYASU,4802.546,6458.847,*,*,59,2,4,76.38,*,OP,m,,100,Beige,**********,M,*,*,*,45.674,27.162,37.706,61.149,7.383,16.593,49.294,4.729,24.215,*,159.2,3.18,6.66,6.5526,0.0338,500,96931.95266,NF ,,,,,,,,,,,
03062017,14:30,*,05062017,12,Baie-des-Chaleurs,CCGS Perley,R.ALLAIN / M.MORIYASU,4802.546,6458.847,*,*,60,2,4,66.88,*,OP,cm,,100,Beige,**********,M,*,*,*,49.949,25.782,41.179,63.365,6.745,15.077,48.020,4.230,22.197,*,108,2.13,5.66,3.1502,0.0316,500,49844.93671,3,Division Cellulaire,,,,,,,,,,
03062017,14:30,*,05062017,12,Baie-des-Chaleurs,CCGS Perley,R.ALLAIN / M.MORIYASU,4802.546,6458.847,*,*,61,2,4,67.81,*,OP,dm,,100,Beige,**********,M,*,*,*,39.617,25.161,28.304,60.838,7.089,17.068,29.133,5.781,1.900,*,119,2.3,5.61,3.5645,0.0315,500,56579.36508,NF ,,,,,,,,,,,
03062017,14:30,*,05062017,12,Baie-des-Chaleurs,CCGS Perley,R.ALLAIN / M.MORIYASU,4802.546,6458.847,*,*,62,2,4,74.64,*,OP,dm,,100,Beige,**********,M,*,*,*,48.603,25.947,40.608,62.088,6.690,16.395,46.564,4.477,22.283,*,165.3,3.35,7.65,6.0389,0.0323,500,93481.42415,NF ,,,,,,,,,,,
03062017,14:30,*,05062017,12,Baie-des-Chaleurs,CCGS Perley,R.ALLAIN / M.MORIYASU,4802.546,6458.847,*,*,63,2,4,67.2,*,OF,cm,,100,Beige,**********,M,*,*,*,43.786,27.171,33.647,59.537,5.737,11.749,41.186,6.662,23.676,*,136.7,2.66,5.53,4.2031,0.0312,500,67357.37179,NF ,,,,,,,,,,,
03062017,14:30,*,05062017,12,Baie-des-Chaleurs,CCGS Perley,R.ALLAIN / M.MORIYASU,4802.546,6458.847,*,*,64,2,4,65.66,*,OF,m,,100,Orange,**********,M,*,*,*,40.386,27.208,28.800,52.401,32.929,44.977,50.471,5.241,29.270,*,113.8,6.37,5.42,3.736,0.0298,500,62684.56376,7,,,,,,,,,,,
03062017,14:30,*,05062017,12,Baie-des-Chaleurs,CCGS Perley,R.ALLAIN / M.MORIYASU,4802.546,6458.847,*,*,65,2,4,75.48,*,OF,m,w,100,Orange,*1********,M,*,*,*,38.973,27.115,28.235,57.490,25.849,45.615,38.981,9.207,19.340,*,146.7,3.99,5.85,3.8633,0.0281,500,68741.99288,6,,,,,,,,,,,
03062017,14:30,*,05062017,12,Baie-des-Chaleurs,CCGS Perley,R.ALLAIN / M.MORIYASU,4802.546,6458.847,*,*,66,2,4,66.68,*,OF,cm,,100,Orange,**********,M,*,*,*,43.619,21.966,32.471,55.470,37.133,50.792,52.203,5.176,23.517,*,121.2,5.06,4.75,3.5672,0.0325,500,54880,6,,,,,,,,,,,
03062017,14:30,*,05062017,12,Baie-des-Chaleurs,CCGS Perley,R.ALLAIN / M.MORIYASU,4802.546,6458.847,*,*,67,2,4,74.12,*,OF,cm,,100,Beige,**********,M,*,*,*,43.848,29.079,36.585,66.600,4.760,17.533,45.958,3.356,20.607,*,151.4,2.59,5.84,4.861,0.0319,500,76191.22257,NF ,,,,,,,,,,,
03062017,14:30,*,05062017,12,Baie-des-Chaleurs,CCGS Perley,R.ALLAIN / M.MORIYASU,4802.546,6458.847,*,*,68,2,4,68.83,*,OF,m,w,100,Orange,**********,M,*,*,*,39.710,23.534,28.316,55.687,30.601,48.136,48.549,4.035,21.710,*,123.5,5.71,7.51,3.2569,0.0322,500,50572.98137,8,,,,,,,,,,,
03062017,14:30,*,05062017,12,Baie-des-Chaleurs,CCGS Perley,R.ALLAIN / M.MORIYASU,4802.546,6458.847,*,*,69,2,4,58.35,*,OP,m,w,100,Orange,******1***,M,*,*,*,37.258,19.680,24.619,54.110,29.245,45.519,44.914,5.178,20.580,*,75.3,4.13,4.18,2.0694,0.0281,500,36822.06406,7,,,,,,,,,,,
03062017,14:30,*,05062017,12,Baie-des-Chaleurs,CCGS Perley,R.ALLAIN / M.MORIYASU,4802.546,6458.847,*,*,70,2,4,56.51,*,OF,cm,,100,Beige,********2*,M,*,*,*,45.542,30.392,38.005,61.823,5.795,14.847,43.551,7.866,25.326,*,65.4,1.18,2.84,2.1176,0.0299,500,35411.37124,3,Division Cellulaire,,,,,,,,,,
16062017,9:30,*,19062017,12,Bradelle Bank,CCGS Perley,R.ALLAIN / JF LANDRY,4717.095,6310.45,*,*,71,2,4,52.93,*,OF,,,100,Orange,****1*****,M,*,*,*,43.118,21.522,30.579,56.842,31.037,54.672,*,*,*,Hepatopancreas trop dégradé,73.3,2.93,2.94,2.2682,0.0325,500,34895.38462,8,,,,,,,,,,,
16062017,9:30,*,19062017,12,Bradelle Bank,CCGS Perley,R.ALLAIN / JF LANDRY,4717.095,6310.45,*,*,72,2,4,58.11,*,OF,,,100,Orange,*1****1***,M,*,*,*,38.208,21.948,32.709,56.254,33.604,52.359,*,*,*,Hepatopancreas trop dégradé,84.5,3.03,4.5,2.2871,0.0317,500,36074.13249,7,,,,,,,,,,,
16062017,9:30,*,19062017,12,Bradelle Bank,CCGS Perley,R.ALLAIN / JF LANDRY,4717.095,6310.45,*,*,73,2,4,54.96,*,OC,,,100,Orange,**********,M,*,*,*,42.056,19.011,30.841,*,*,*,*,*,*,Hepatopancreas trop dégradé,86.9,3.82,4.05,2.4124,0.0294,500,41027.21088,9,,,,,,,,,,,
16062017,9:30,*,19062017,12,Bradelle Bank,CCGS Perley,R.ALLAIN / JF LANDRY,4717.095,6310.45,*,*,74,2,4,50.04,*,OF,,,100,Orange,*1********,M,*,*,*,39.758,24.305,33.775,*,*,*,*,*,*,Hepatopancreas trop dégradé,65.6,*,*,1.7694,0.033,500,26809.09091,7,,,,,,,,,,,
16062017,9:30,*,19062017,12,Bradelle Bank,CCGS Perley,R.ALLAIN / JF LANDRY,4717.095,6310.45,*,*,75,2,4,53.5,*,OF,,,100,Orange,**********,M,*,*,*,37.306,27.688,31.270,51.353,37.872,53.836,*,*,*,Hepatopancreas trop dégradé,61.5,3.04,*,1.9281,0.032,500,30126.5625,9,,,,,,,,,,,
16062017,9:30,*,19062017,12,Bradelle Bank,CCGS Perley,R.ALLAIN / JF LANDRY,4717.095,6310.45,*,*,76,2,4,48.98,*,OF,,,100,Orange,********2*,M,*,*,*,43.397,28.415,36.403,53.699,35.669,52.430,*,*,*,Hepatopancreas trop dégradé,63,3.04,*,1.6787,0.0316,500,26561.70886,9,,,,,,,,,,,
16062017,9:30,*,19062017,12,Bradelle Bank,CCGS Perley,R.ALLAIN / JF LANDRY,4717.095,6310.45,*,*,77,2,4,52.93,*,OF,,,100,Orange,**********,M,*,*,*,40.855,21.578,27.356,56.168,34.316,56.437,*,*,*,Hepatopancreas trop dégradé,84.2,3.84,*,2.0117,0.0308,500,32657.46753,9,,,,,,,,,,,
16062017,9:30,*,19062017,12,Bradelle Bank,CCGS Perley,R.ALLAIN / JF LANDRY,4717.095,6310.45,*,*,78,2,4,68.99,*,OF,,,100,Orange,***1******,M,*,*,*,36.425,22.990,27.488,52.070,33.701,51.326,*,*,*,Hepatopancreas trop dégradé,125.9,5.6,*,3.8131,0.0316,500,60333.86076,9,,,,,,,,,,,
16062017,9:30,*,19062017,12,Bradelle Bank,CCGS Perley,R.ALLAIN / JF LANDRY,4717.095,6310.45,*,*,79,2,4,62.24,*,OF,,,100,Orange,**********,M,*,*,*,42.576,27.402,36.034,50.859,30.275,46.373,*,*,*,Hepatopancreas trop dégradé,123.5,5.18,*,2.8844,0.032,500,45068.75,9,,,,,,,,,,,
16062017,9:30,*,19062017,12,Bradelle Bank,CCGS Perley,R.ALLAIN / JF LANDRY,4717.095,6310.45,*,*,80,2,4,57.83,*,OF,,,100,Orange,**********,M,*,*,*,39.120,29.906,33.355,49.193,36.237,49.065,*,*,*,Hepatopancreas trop dégradé,79,4.29,*,2.5488,0.0337,500,37816.02374,8,,,,,,,,,,,
16062017,9:30,*,19062017,12,Bradelle Bank,CCGS Perley,R.ALLAIN / JF LANDRY,4717.095,6310.45,*,*,81,2,4,53.09,*,OF,,,100,Orange,****1*****,M,*,*,*,39.604,25.352,30.175,54.014,36.962,52.442,*,*,*,Hepatopancreas trop dégradé,68.1,3.64,*,2.091,0.032,500,32671.875,7,,,,,,,,,,,
16062017,9:30,*,19062017,12,Bradelle Bank,CCGS Perley,R.ALLAIN / JF LANDRY,4717.095,6310.45,*,*,82,2,4,54.22,*,OF,,,100,Orange,**********,M,*,*,*,39.897,23.440,29.409,55.509,35.231,51.705,*,*,*,Hepatopancreas trop dégradé,87.1,4.27,*,2.4433,0.0331,500,36907.85498,8,,,,,,,,,,,
16062017,9:30,*,19062017,12,Bradelle Bank,CCGS Perley,R.ALLAIN / JF LANDRY,4717.095,6310.45,*,*,83,2,4,51.95,*,OF,,,100,Orange,**********,M,*,*,*,44.490,27.374,33.701,52.004,31.518,45.494,*,*,*,Hepatopancreas trop dégradé,67.4,3.4,*,2.0077,0.0311,500,32278.13505,8,,,,,,,,,,,
16062017,9:30,*,19062017,12,Bradelle Bank,CCGS Perley,R.ALLAIN / JF LANDRY,4717.095,6310.45,*,*,84,2,4,65.25,*,OF,,,100,Orange,**********,M,*,*,*,42.102,25.769,27.757,52.677,38.679,52.022,*,*,*,Hepatopancreas trop dégradé,116.6,5.52,*,3.888,0.0312,500,62307.69231,8,,,,,,,,,,,
16062017,9:30,*,19062017,12,Bradelle Bank,CCGS Perley,R.ALLAIN / JF LANDRY,4717.095,6310.45,*,*,85,2,4,52.54,*,OF,,,100,Orange,***2******,M,*,*,*,38.420,25.005,26.091,53.644,38.435,51.095,*,*,*,Hepatopancreas trop dégradé,67.5,3.29,*,2.0949,0.0305,500,34342.62295,8,,,,,,,,,,,
16062017,9:30,*,19062017,12,Bradelle Bank,CCGS Perley,R.ALLAIN / JF LANDRY,4717.095,6310.45,*,*,86,2,4,52.54,*,OF,,,100,Orange,****1*****,M,*,*,*,40.151,29.137,31.623,48.673,38.193,45.093,*,*,*,Hepatopancreas trop dégradé,56.4,3.06,*,2.0124,0.0285,500,35305.26316,7,,,,,,,,,,,
16062017,9:30,*,19062017,12,Bradelle Bank,CCGS Perley,R.ALLAIN / JF LANDRY,4717.095,6310.45,*,*,87,2,4,53.32,*,OF,,,100,Orange,*********1,M,*,*,*,46.922,19.759,22.341,53.021,36.148,49.624,*,*,*,Hepatopancreas trop dégradé,62.7,2.77,*,1.6553,0.0325,500,25466.15385,9,,,,,,,,,,,
16062017,9:30,*,19062017,12,Bradelle Bank,CCGS Perley,R.ALLAIN / JF LANDRY,4717.095,6310.45,*,*,88,2,4,61.27,*,OF,,,100,Orange,**********,M,*,*,*,40.300,22.126,27.195,56.339,32.154,51.065,*,*,*,Hepatopancreas trop dégradé,94.7,4.5,*,2.302,0.0295,500,39016.94915,9,,,,,,,,,,,
16062017,9:30,*,19062017,12,Bradelle Bank,CCGS Perley,R.ALLAIN / JF LANDRY,4717.095,6310.45,*,*,89,2,4,55.94,*,OF,,,100,Orange,**********,M,*,*,*,37.632,27.858,26.041,53.257,36.737,50.262,*,*,*,Hepatopancreas trop dégradé,72.8,3.82,*,2.6755,0.0311,500,43014.46945,8,,,,,,,,,,,
16062017,9:30,*,19062017,12,Bradelle Bank,CCGS Perley,R.ALLAIN / JF LANDRY,4717.095,6310.45,*,*,90,2,4,51.87,*,OF,,,100,Orange,**********,M,*,*,*,40.586,30.395,28.186,51.129,39.033,45.888,*,*,*,Hepatopancreas trop dégradé,60.07,3.02,*,1.7821,0.029,500,30725.86207,8,,,,,,,,,,,
16062017,9:30,*,19062017,12,Bradelle Bank,CCGS Perley,R.ALLAIN / JF LANDRY,4717.095,6310.45,*,*,91,2,4,61.64,*,OC,,,100,Beige,**********,M,*,*,*,47.643,28.871,38.327,65.273,7.355,21.374,*,*,*,Hepatopancreas trop dégradé,109.4,1.78,*,3.0445,0.0303,500,50239.27393,3,Division Cellulaire,,,,,,,,,,
16062017,9:30,*,19062017,12,Bradelle Bank,CCGS Perley,R.ALLAIN / JF LANDRY,4717.095,6310.45,*,*,92,2,4,65.27,*,OF,,,100,Beige,**1*******,M,*,*,*,52.283,30.251,44.832,61.640,7.110,14.037,*,*,*,Hepatopancreas trop dégradé,100,1.84,*,3.6939,0.0309,500,59771.84466,NF ,,,,,,,,,,,
16062017,9:30,*,19062017,12,Bradelle Bank,CCGS Perley,R.ALLAIN / JF LANDRY,4717.095,6310.45,*,*,93,2,3M,51.92,*,OF,,,100,Beige,**********,M,*,*,*,51.302,28.354,40.721,65.615,6.775,15.792,*,*,*,Hepatopancreas trop dégradé,58.8,1.02,*,1.938,0.034,500,28500,NF ,,,,,,,,,,,
16062017,9:30,*,19062017,12,Bradelle Bank,CCGS Perley,R.ALLAIN / JF LANDRY,4717.095,6310.45,*,*,94,2,4,49.27,*,OF,,,100,Orange,**********,M,*,*,*,40.282,26.467,25.223,54.906,34.283,48.181,*,*,*,Hepatopancreas trop dégradé,53,2.46,*,1.4932,0.0281,500,26569.39502,8,,,,,,,,,,,
16062017,9:30,*,19062017,12,Bradelle Bank,CCGS Perley,R.ALLAIN / JF LANDRY,4717.095,6310.45,*,*,95,2,4,60.18,*,OF,,,100,Orange,**1*******,M,*,*,*,40.118,23.440,22.853,51.040,36.703,44.602,*,*,*,Hepatopancreas trop dégradé,81.3,3.89,*,2.6428,0.0301,500,43900.33223,8,,,,,,,,,,,
16062017,9:30,*,19062017,12,Bradelle Bank,CCGS Perley,R.ALLAIN / JF LANDRY,4717.095,6310.45,*,*,96,2,4,60.77,*,OF,,,100,Orange,***7******,M,*,*,*,44.092,20.617,24.483,56.050,30.015,43.334,*,*,*,Hepatopancreas trop dégradé,89.3,4.38,*,2.9049,0.0299,500,48576.92308,8,,,,,,,,,,,
16062017,9:30,*,19062017,12,Bradelle Bank,CCGS Perley,R.ALLAIN / JF LANDRY,4717.095,6310.45,*,*,97,2,4,51.65,*,OF,,,100,Orange,**********,M,*,*,*,43.990,24.133,29.265,56.579,32.700,49.104,*,*,*,Hepatopancreas trop dégradé,74.8,3.68,*,1.8583,0.0312,500,29780.44872,8,,,,,,,,,,,
16062017,9:30,*,19062017,12,Bradelle Bank,CCGS Perley,R.ALLAIN / JF LANDRY,4717.095,6310.45,*,*,98,2,4,51.37,*,OF,,,100,Orange,**********,M,*,*,*,41.090,26.169,25.923,53.152,36.288,46.276,*,*,*,Hepatopancreas trop dégradé,62.4,2.24,*,1.8564,0.0299,500,31043.47826,7,,,,,,,,,,,
16062017,9:30,*,19062017,12,Bradelle Bank,CCGS Perley,R.ALLAIN / JF LANDRY,4717.095,6310.45,*,*,99,2,4,56.17,*,OF,,,100,Beige,**********,M,*,*,*,45.143,31.964,35.268,62.952,5.442,11.368,*,*,*,Hepatopancreas trop dégradé,82.3,1.19,*,2.1491,0.0291,500,36926.11684,NF ,,,,,,,,,,,
16062017,9:30,*,19062017,12,Bradelle Bank,CCGS Perley,R.ALLAIN / JF LANDRY,4717.095,6310.45,*,*,100,2,4,56.95,*,OF,,,100,Orange,***11*****,M,*,*,*,40.585,26.873,27.103,54.083,35.431,47.134,*,*,*,Hepatopancreas trop dégradé,70.1,3.64,*,2.2942,0.0329,500,34866.2614,8,,,,,,,,,,,
16062017,9:30,*,19062017,12,Bradelle Bank,CCGS Perley,R.ALLAIN / JF LANDRY,4717.095,6310.45,*,*,101,2,4,69.89,*,OF,,,100,Orange,**********,M,*,*,*,41.787,23.593,26.373,54.345,34.053,45.435,*,*,*,Hepatopancreas trop dégradé,139.4,5.63,*,3.724,0.0314,500,59299.36306,8,,,,,,,,,,,
16062017,9:30,*,19062017,12,Bradelle Bank,CCGS Perley,R.ALLAIN / JF LANDRY,4717.095,6310.45,*,*,102,2,4,56.18,*,OF,,,100,Orange,******1***,M,*,*,*,41.176,24.299,23.312,56.265,34.074,47.386,*,*,*,Hepatopancreas trop dégradé,74.4,3.22,*,2.0242,0.029,500,34900,9,,,,,,,,,,,
16062017,9:30,*,19062017,12,Bradelle Bank,CCGS Perley,R.ALLAIN / JF LANDRY,4717.095,6310.45,*,*,103,2,4,58.99,*,OF,,,100,Orange,*1****1**1,M,*,*,*,40.336,22.037,23.989,56.720,32.923,48.024,*,*,*,Hepatopancreas trop dégradé,88.2,4.08,*,2.5616,0.0312,500,41051.28205,9,,,,,,,,,,,
16062017,9:30,*,19062017,12,Bradelle Bank,CCGS Perley,R.ALLAIN / JF LANDRY,4717.095,6310.45,*,*,104,2,3M,56.49,*,OF,,,100,Orange,**********,M,*,*,*,41.603,23.919,26.414,54.203,35.586,48.159,*,*,*,Hepatopancreas trop dégradé,81,4.31,*,2.8238,0.031,500,45545.16129,8,,,,,,,,,,,
16062017,9:30,*,19062017,12,Bradelle Bank,CCGS Perley,R.ALLAIN / JF LANDRY,4717.095,6310.45,*,*,105,2,4,51.71,*,OF,,,100,Orange,*********1,M,*,*,*,41.542,24.812,27.120,53.367,36.400,47.600,*,*,*,Hepatopancreas trop dégradé,73.5,3.47,*,1.906,0.0314,500,30350.31847,8,,,,,,,,,,,
16062017,9:30,*,19062017,12,Bradelle Bank,CCGS Perley,R.ALLAIN / JF LANDRY,4717.095,6310.45,*,*,106,2,4,62.01,*,OF,,,100,Orange,**********,M,*,*,*,40.137,23.488,25.258,51.660,30.988,41.071,*,*,*,Hepatopancreas trop dégradé,102.9,4.65,*,2.7973,0.0295,500,47411.86441,8,,,,,,,,,,,
16062017,9:30,*,19062017,12,Bradelle Bank,CCGS Perley,R.ALLAIN / JF LANDRY,4717.095,6310.45,*,*,107,2,4,53.26,*,OF,,,100,Orange,**********,M,*,*,*,38.762,24.372,24.436,56.059,32.542,49.500,*,*,*,Hepatopancreas trop dégradé,66.7,3.22,*,1.8918,0.0323,500,29284.82972,8,,,,,,,,,,,
16062017,9:30,*,19062017,12,Bradelle Bank,CCGS Perley,R.ALLAIN / JF LANDRY,4717.095,6310.45,*,*,108,2,4,71.25,*,OF,,,100,Orange,**********,M,*,*,*,41.031,25.307,28.014,52.212,34.409,44.705,*,*,*,Hepatopancreas trop dégradé,138.7,6.62,*,4.5365,0.0308,500,73644.48052,8,,,,,,,,,,,
16062017,9:30,*,19062017,12,Bradelle Bank,CCGS Perley,R.ALLAIN / JF LANDRY,4717.095,6310.45,*,*,109,2,4,57.54,*,OF,,,100,Orange,**********,M,*,*,*,41.496,26.440,27.412,52.509,34.391,44.938,*,*,*,Hepatopancreas trop dégradé,84.7,4.02,*,2.5224,0.0322,500,39167.70186,8,,,,,,,,,,,
16062017,9:30,*,19062017,12,Bradelle Bank,CCGS Perley,R.ALLAIN / JF LANDRY,4717.095,6310.45,*,*,110,2,4,57.28,*,OF,,,100,Orange,*********1,M,*,*,*,39.705,20.169,23.201,57.894,33.001,50.462,*,*,*,Hepatopancreas trop dégradé,85.9,4.04,*,2.2812,0.034,500,33547.05882,9,,,,,,,,,,,
16062017,9:30,*,19062017,12,Bradelle Bank,CCGS Perley,R.ALLAIN / JF LANDRY,4717.095,6310.45,*,*,111,2,4,58.35,*,OF,,,100,Orange,****1*****,M,*,*,*,40.536,28.639,27.201,53.018,35.687,47.212,*,*,*,Hepatopancreas trop dégradé,78.1,3.57,*,2.1373,0.0322,500,33187.8882,8,,,,,,,,,,,
16062017,9:30,*,19062017,12,Bradelle Bank,CCGS Perley,R.ALLAIN / JF LANDRY,4717.095,6310.45,*,*,112,2,4,61.76,*,OF,,,100,Orange,******1***,M,*,*,*,40.826,21.530,24.749,56.380,28.975,47.733,*,*,*,Hepatopancreas trop dégradé,99.7,2.52,*,3.1283,0.0316,500,49498.41772,8,,,,,,,,,,,
16062017,9:30,*,19062017,12,Bradelle Bank,CCGS Perley,R.ALLAIN / JF LANDRY,4717.095,6310.45,*,*,113,2,4,63.34,*,OF,,,100,Orange,**********,M,*,*,*,39.318,24.382,24.138,53.269,32.610,44.517,*,*,*,Hepatopancreas trop dégradé,120.3,5.51,*,3.6342,0.0302,500,60168.87417,8,,,,,,,,,,,
16062017,9:30,*,19062017,12,Bradelle Bank,CCGS Perley,R.ALLAIN / JF LANDRY,4717.095,6310.45,*,*,114,2,4,58.46,*,OF,,,100,Orange,*7**7*****,M,*,*,*,40.384,24.998,25.975,52.749,36.724,45.805,*,*,*,Hepatopancreas trop dégradé,84.5,5.25,*,2.7919,0.0344,500,40579.94186,8,,,,,,,,,,,
16062017,9:30,*,19062017,12,Bradelle Bank,CCGS Perley,R.ALLAIN / JF LANDRY,4717.095,6310.45,*,*,115,2,4,62.27,*,OF,,,100,Beige,***1**7*7*,M,*,*,*,47.792,28.991,37.093,64.420,5.922,13.687,*,*,*,Hepatopancreas trop dégradé,95.3,1.58,*,3.434,0.03,500,57233.33333,3,Division Cellulaire,,,,,,,,,,
16062017,9:30,*,19062017,12,Bradelle Bank,CCGS Perley,R.ALLAIN / JF LANDRY,4717.095,6310.45,*,*,116,2,4,52.49,*,OC,,,100,Orange,**********,M,*,*,*,44.541,24.951,31.903,54.413,33.504,47.208,*,*,*,Hepatopancreas trop dégradé,71.6,3.02,*,1.6945,0.0325,500,26069.23077,8,,,,,,,,,,,
16062017,9:30,*,19062017,12,Bradelle Bank,CCGS Perley,R.ALLAIN / JF LANDRY,4717.095,6310.45,*,*,117,2,4,66.08,*,OF,,,100,Orange,**********,M,*,*,*,42.832,21.838,26.952,59.210,26.518,46.308,*,*,*,Hepatopancreas trop dégradé,133.1,3.62,*,2.91,0.0298,500,48825.50336,9,,,,,,,,,,,
16062017,9:30,*,19062017,12,Bradelle Bank,CCGS Perley,R.ALLAIN / JF LANDRY,4717.095,6310.45,*,*,118,2,4,52.58,*,OF,,,100,Orange,**********,M,*,*,*,40.959,27.864,28.160,52.988,35.624,47.164,*,*,*,Hepatopancreas trop dégradé,63,3.48,*,2.0689,0.0301,500,34367.10963,8,,,,,,,,,,,
16062017,9:30,*,19062017,12,Bradelle Bank,CCGS Perley,R.ALLAIN / JF LANDRY,4717.095,6310.45,*,*,119,2,4,58.14,*,OF,,,100,Orange,**********,M,*,*,*,39.537,22.762,23.994,50.869,30.004,39.064,*,*,*,Hepatopancreas trop dégradé,83.6,3.25,*,2.4491,0.0318,500,38507.86164,7,,,,,,,,,,,
16062017,9:30,*,19062017,12,Bradelle Bank,CCGS Perley,R.ALLAIN / JF LANDRY,4717.095,6310.45,*,*,120,2,4,58.99,*,OC,,,100,Beige,**********,M,*,*,*,49.799,24.261,40.380,64.653,7.868,21.076,*,*,*,Hepatopancreas trop dégradé,94.3,1.38,*,2.7612,0.0315,500,43828.57143,3,Division Cellulaire,,,,,,,,,,
16062017,9:30,*,19062017,12,Bradelle Bank,CCGS Perley,R.ALLAIN / JF LANDRY,4717.095,6310.45,*,*,121,2,3M,60.58,*,OF,,,100,Beige,**********,M,*,*,*,49.421,31.321,45.172,64.886,6.754,17.499,*,*,*,Hepatopancreas trop dégradé,88.5,1.36,*,3.3275,0.0324,500,51350.30864,3,Division Cellulaire,,,,,,,,,,
16062017,9:30,*,19062017,12,Bradelle Bank,CCGS Perley,R.ALLAIN / JF LANDRY,4717.095,6310.45,*,*,122,2,4,57,*,OF,,,100,Orange,**********,M,*,*,*,40.417,24.597,30.205,56.521,34.337,52.454,*,*,*,Hepatopancreas trop dégradé,94.6,4.34,*,2.5645,0.0321,500,39945.48287,9,,,,,,,,,,,
16062017,9:30,*,19062017,12,Bradelle Bank,CCGS Perley,R.ALLAIN / JF LANDRY,4717.095,6310.45,*,*,123,2,4,68.69,*,OF,,,100,Orange,***1******,M,*,*,*,41.276,23.409,28.524,54.427,32.823,50.901,*,*,*,Hepatopancreas trop dégradé,124.6,5.62,*,4.5934,0.0323,500,71105.26316,8,,,,,,,,,,,
16062017,9:30,*,19062017,12,Bradelle Bank,CCGS Perley,R.ALLAIN / JF LANDRY,4717.095,6310.45,*,*,124,2,4,57.52,*,OF,,,100,Orange,****1*****,M,*,*,*,38.465,24.246,27.941,54.406,34.755,50.428,*,*,*,Hepatopancreas trop dégradé,75.6,3.81,*,2.4713,0.0304,500,40646.38158,7,,,,,,,,,,,
16062017,9:30,*,19062017,12,Bradelle Bank,CCGS Perley,R.ALLAIN / JF LANDRY,4717.095,6310.45,*,*,125,2,4,58.2,*,OF,,,100,Orange,****1****1,M,*,*,*,40.953,26.199,30.263,54.767,33.097,49.680,*,*,*,Hepatopancreas trop dégradé,92.6,4.56,*,3.036,0.035,500,43371.42857,8,,,,,,,,,,,
16062017,9:30,*,19062017,12,Bradelle Bank,CCGS Perley,R.ALLAIN / JF LANDRY,4717.095,6310.45,*,*,126,2,4,63.22,*,OF,,,100,Orange,**********,M,*,*,*,40.816,24.636,31.125,55.430,30.429,50.664,*,*,*,Hepatopancreas trop dégradé,96.6,4.38,*,2.6129,0.0304,500,42975.32895,9,,,,,,,,,,,
16062017,9:30,*,19062017,12,Bradelle Bank,CCGS Perley,R.ALLAIN / JF LANDRY,4717.095,6310.45,*,*,127,2,4,54.15,*,OF,,,100,Orange,**********,M,*,*,*,39.844,21.643,27.037,51.718,30.954,44.153,*,*,*,Hepatopancreas trop dégradé,83.2,4.03,*,2.0304,0.0331,500,30670.69486,8,,,,,,,,,,,
16062017,9:30,*,19062017,12,Bradelle Bank,CCGS Perley,R.ALLAIN / JF LANDRY,4717.095,6310.45,*,*,128,2,4,55.94,*,OF,,,100,Orange,**********,M,*,*,*,41.520,25.386,29.058,52.643,35.988,49.880,*,*,*,Hepatopancreas trop dégradé,89.3,4.78,*,2.6879,0.0315,500,42665.07937,9,,,,,,,,,,,
16062017,9:30,*,19062017,12,Bradelle Bank,CCGS Perley,R.ALLAIN / JF LANDRY,4717.095,6310.45,*,*,129,2,4,56.55,*,OF,,,100,Orange,*****2****,M,*,*,*,43.852,25.621,33.518,48.869,33.010,44.989,*,*,*,Hepatopancreas trop dégradé,83,4.52,*,2.0108,0.0276,500,36427.53623,10,,,,,,,,,,,
16062017,9:30,*,19062017,12,Bradelle Bank,CCGS Perley,R.ALLAIN / JF LANDRY,4717.095,6310.45,*,*,130,2,4,61.66,*,OF,,,100,Orange,****7*****,M,*,*,*,40.309,25.678,32.034,51.400,33.301,48.178,*,*,*,Hepatopancreas trop dégradé,88.8,5.06,*,2.9087,0.0331,500,43938.06647,8,,,,,,,,,,,
16062017,9:30,*,19062017,12,Bradelle Bank,CCGS Perley,R.ALLAIN / JF LANDRY,4717.095,6310.45,*,*,131,2,4,51.31,*,OF,,,100,Orange,**********,M,*,*,*,38.763,29.011,30.098,51.716,36.415,49.918,*,*,*,Hepatopancreas trop dégradé,60,2.62,*,1.8909,0.03,500,31515,7,,,,,,,,,,,
16062017,9:30,*,19062017,12,Bradelle Bank,CCGS Perley,R.ALLAIN / JF LANDRY,4717.095,6310.45,*,*,132,2,4,75.54,*,OF,,,100,Orange,**********,M,*,*,*,42.550,26.763,33.395,52.357,37.291,51.465,*,*,*,Hepatopancreas trop dégradé,168.7,8.42,*,5.7632,0.0319,500,90332.2884,8,,,,,,,,,,,
16062017,9:30,*,19062017,12,Bradelle Bank,CCGS Perley,R.ALLAIN / JF LANDRY,4717.095,6310.45,*,*,133,2,4,57.17,*,OC,,,100,Beige,1*****7***,M,*,*,*,54.348,24.660,47.071,64.221,2.571,21.847,*,*,*,Gonade trop petite pour colorimetre,71.2,0.98,*,1.8616,0.0288,500,32319.44444,NF ,,,,,,,,,,,
16062017,9:30,*,19062017,12,Bradelle Bank,CCGS Perley,R.ALLAIN / JF LANDRY,4717.095,6310.45,*,*,134,2,4,68.51,*,OF,,,100,Orange,****1*****,M,*,*,*,44.552,23.003,33.894,54.360,31.771,49.363,*,*,*,Hepatopancreas trop dégradé,147.1,5.61,*,3.1931,0.029,500,55053.44828,8,,,,,,,,,,,
16062017,9:30,*,19062017,12,Bradelle Bank,CCGS Perley,R.ALLAIN / JF LANDRY,4717.095,6310.45,*,*,135,2,4,55.47,*,OF,,,100,Orange,*******2**,M,*,*,*,41.310,26.165,31.669,53.512,32.790,50.806,*,*,*,Hepatopancreas trop dégradé,74.8,3.44,*,2.3836,0.0307,500,38820.84691,9,,,,,,,,,,,
16062017,9:30,*,19062017,12,Bradelle Bank,CCGS Perley,R.ALLAIN / JF LANDRY,4717.095,6310.45,*,*,136,2,4,61.52,*,OF,,,100,Orange,**********,M,*,*,*,42.145,28.694,36.807,53.424,36.519,52.582,*,*,*,Hepatopancreas trop dégradé,85.4,3.33,*,2.8739,0.0299,500,48058.52843,7,,,,,,,,,,,
16062017,9:30,*,19062017,12,Bradelle Bank,CCGS Perley,R.ALLAIN / JF LANDRY,4717.095,6310.45,*,*,137,2,4,55.84,*,OF,,,100,Orange,**********,M,*,*,*,38.893,24.779,30.634,53.566,35.986,54.483,*,*,*,Hepatopancreas trop dégradé,86.3,4.89,*,2.623,0.0345,500,38014.49275,8,,,,,,,,,,,
16062017,9:30,*,19062017,12,Bradelle Bank,CCGS Perley,R.ALLAIN / JF LANDRY,4717.095,6310.45,*,*,138,2,4,55.66,*,OF,,,100,Orange,****1***1*,M,*,*,*,37.639,26.298,27.447,54.671,36.486,54.807,*,*,*,Hepatopancreas trop dégradé,82,4.23,*,2.5641,0.0318,500,40316.03774,8,,,,,,,,,,,
16062017,9:30,*,19062017,12,Bradelle Bank,CCGS Perley,R.ALLAIN / JF LANDRY,4717.095,6310.45,*,*,139,2,4,49.76,*,OF,,,100,Orange,**********,M,*,*,*,38.617,25.931,30.803,52.078,34.526,51.133,*,*,*,Hepatopancreas trop dégradé,58.6,2.74,*,1.7782,0.034,500,26150,7,,,,,,,,,,,
16062017,9:30,*,19062017,12,Bradelle Bank,CCGS Perley,R.ALLAIN / JF LANDRY,4717.095,6310.45,*,*,140,2,4,60.38,*,OF,,,100,Orange,**********,M,*,*,*,39.053,28.612,32.420,53.136,35.890,54.933,*,*,*,Hepatopancreas trop dégradé,95.4,5.62,*,3.1202,0.0315,500,49526.98413,8,,,,,,,,,,,
16062017,10:30,*,19062017,12,Bradelle Bank,CCGS Perley,R.ALLAIN / JF LANDRY,4717.095,6310.45,*,*,141,2,4,49.56,*,OF,,,100,Orange,**********,M,*,*,*,35.254,25.818,27.476,53.901,34.900,54.045,*,*,*,Hepatopancreas trop dégradé,62.3,2.74,*,1.6484,0.0319,500,25836.9906,9,,,,,,,,,,,
16062017,11:30,*,19062017,12,Bradelle Bank,CCGS Perley,R.ALLAIN / JF LANDRY,4717.095,6310.45,*,*,142,2,4,48.84,*,OF,,,100,Orange,**********,M,*,*,*,37.630,27.186,31.167,52.626,36.699,52.701,*,*,*,Hepatopancreas trop dégradé,54.2,2.7,*,1.5642,0.0309,500,25310.67961,8,,,,,,,,,,,
16082017,12:59,16:07,17082017,19,Cheticamp,CCGS Perley,ALAIN/MORIYASU/BOUDREAU/CORMIER,*,*,*,*,143,2,4,75.99,*,*,*,*,90,Orange,*******1**,M,*,*,*,38.04,37.18,57.76,35.62,28.37,28.21,35.93,7.43,17.79,,153,2.371,9.747,4.6375,0.0303,500,76526.40264,NF ,,,,,,,,,,,
16082017,12:59,16:07,17082017,19,Cheticamp,CCGS Perley,ALAIN/MORIYASU/BOUDREAU/CORMIER,*,*,*,*,144,2,4,71.65,*,*,*,*,100,Orange,**********,M,*,*,*,35.17,26.38,38.03,39.55,30.99,35,45.3,7.01,22.4,,153.8,8.15,8.461,4.4634,0.0287,500,77759.58188,9,,,,,,,,,,,
16082017,12:59,16:07,17082017,19,Cheticamp,CCGS Perley,ALAIN/MORIYASU/BOUDREAU/CORMIER,*,*,*,*,145,2,4,72.72,*,*,*,*,90,Beige,***1***1**,M,*,*,*,36.2,28.92,41.78,39.26,8.22,16.36,23.66,1.1,2.45,,145.3,2.818,4.888,2.1147,0.0284,500,37230.6338,NF ,,,,,,,,,,,
16082017,12:59,16:07,17082017,19,Cheticamp,CCGS Perley,ALAIN/MORIYASU/BOUDREAU/CORMIER,*,*,*,*,146,2,4,58.55,*,*,*,*,100,Beige,*******1**,M,*,*,*,42.14,29.14,49.25,38.62,17.02,23.29,23.99,4.08,8.14,,95.4,1.011,4.23,2.3418,0.0279,500,41967.74194,NF ,,,,,,,,,,,
16082017,12:59,16:07,17082017,19,Cheticamp,CCGS Perley,ALAIN/MORIYASU/BOUDREAU/CORMIER,*,*,*,*,147,2,4,76.63,*,*,*,*,100,Orange,*******7**,M,*,*,*,40.64,34.92,54.86,37.8,23.74,24.81,27.59,5.99,14.93,,159.8,3.524,10.656,5.6873,0.0318,500,89422.95597,NF ,,,,,,,,,,,
16082017,12:59,16:07,17082017,19,Cheticamp,CCGS Perley,ALAIN/MORIYASU/BOUDREAU/CORMIER,*,*,*,*,148,2,4,62.18,*,*,*,*,100,OC,*******7**,M,*,*,*,40.1,34.13,47.33,35.54,22.64,23.18,38.99,7.34,16.38,,102.1,1.903,7.09,2.7062,0.0292,500,46339.0411,NF ,,,,,,,,,,,
16082017,12:59,16:07,17082017,19,Cheticamp,CCGS Perley,ALAIN/MORIYASU/BOUDREAU/CORMIER,*,*,*,*,149,2,4,65.33,*,*,*,*,100,Orange,*******7**,M,*,*,*,39.27,28.54,38.3,43.86,33.92,36.6,36.75,5.72,16.77,,138.2,5.231,7.441,2.2424,0.0263,500,42631.17871,9,,,,,,,,,,,
16082017,12:59,16:07,17082017,19,Cheticamp,CCGS Perley,ALAIN/MORIYASU/BOUDREAU/CORMIER,*,*,*,*,150,2,4,70.16,*,*,*,*,100,Orange,**7****7**,M,*,*,*,42.01,35.27,50.65,33.41,23.62,21.52,31.13,3.76,9.58,,131.8,2.586,8.771,4.9364,0.031,500,79619.35484,NF ,,,,,,,,,,,
16082017,12:59,16:07,17082017,19,Cheticamp,CCGS Perley,ALAIN/MORIYASU/BOUDREAU/CORMIER,*,*,*,*,151,2,4,67.94,*,*,*,*,100,Orange,*********1,M,*,*,*,35.22,27.77,38.28,45.88,32.32,42.24,36.42,5.92,19.75,,143,5.372,6.08,3.854,0.0303,500,63597.35974,8,,,,,,,,,,,
16082017,12:59,16:07,17082017,19,Cheticamp,CCGS Perley,ALAIN/MORIYASU/BOUDREAU/CORMIER,*,*,*,*,152,2,4,76.92,*,*,*,*,100,OC,******1***,M,*,*,*,34.58,25.84,36.78,48.59,28.31,37.38,27.29,3.43,9.15,,194,6.236,8.996,4.727,0.0296,500,79847.97297,9,,,,,,,,,,,
16082017,12:59,16:07,17082017,19,Cheticamp,CCGS Perley,ALAIN/MORIYASU/BOUDREAU/CORMIER,*,*,*,*,153,2,4,73.82,*,*,*,*,100,Orange,******77**,M,*,*,*,37.1,25.44,32.56,48.54,39.05,46.57,35.16,4.41,14.02,,160.9,8.684,8.953,4.2925,0.0304,500,70600.32895,9,,,,,,,,,,,
16082017,12:59,16:07,17082017,19,Cheticamp,CCGS Perley,ALAIN/MORIYASU/BOUDREAU/CORMIER,*,*,*,*,154,2,4,75.57,*,*,*,*,100,OC_,***71*****,M,*,*,*,42.88,31.23,46.13,35.05,18.36,23.6,30.42,3.32,11.9,,171.4,3.312,8.731,5.5331,0.0324,500,85387.34568,4,,,,,,,,,,,
16082017,12:59,16:07,17082017,19,Cheticamp,CCGS Perley,ALAIN/MORIYASU/BOUDREAU/CORMIER,*,*,*,*,155,2,4,69.3,*,*,*,*,100,OC,*******7**,M,*,*,*,42.12,30.1,47.53,37.69,25.19,28.95,34.8,3.23,9.07,,129.3,2.263,7.513,4.0442,0.0313,500,64603.83387,4,,,,,,,,,,,
16082017,12:59,16:07,17082017,19,Cheticamp,CCGS Perley,ALAIN/MORIYASU/BOUDREAU/CORMIER,*,*,*,*,156,2,4,63.97,*,*,*,*,100,OC,******1*7*,M,*,*,*,40.39,34.6,49.73,32.56,22.46,24.02,31.77,4.32,10.64,,97.3,1.593,7.094,3.5082,0.0284,500,61764.08451,NF ,,,,,,,,,,,
16082017,12:59,16:07,17082017,19,Cheticamp,CCGS Perley,ALAIN/MORIYASU/BOUDREAU/CORMIER,*,*,*,*,157,2,4,61,*,*,*,*,100,Orange,*******7**,M,*,*,*,33.18,27.22,35,41.55,35.05,38.69,34.56,6.67,17.95,,116.2,5.966,6.435,2.7676,0.0297,500,46592.59259,9,,,,,,,,,,,
16082017,12:59,16:07,17082017,19,Cheticamp,CCGS Perley,ALAIN/MORIYASU/BOUDREAU/CORMIER,*,*,*,*,158,2,4,75.4,*,*,*,*,100,OC,***1******,M,*,*,*,41.25,31.59,45.31,42.64,24.55,28.3,32.93,5.78,12.36,,171.2,3.502,9.705,4.6042,0.03,500,76736.66667,4,,,,,,,,,,,
16082017,12:59,16:07,17082017,19,Cheticamp,CCGS Perley,ALAIN/MORIYASU/BOUDREAU/CORMIER,*,*,*,*,159,2,4,64.28,*,*,*,*,100,Orange,**********,M,*,*,*,35.39,27.76,36.79,39.68,27.67,29,40.11,6.63,19.13,,128.9,5.409,6.872,3.197,0.0288,500,55503.47222,9,,,,,,,,,,,
16082017,12:59,16:07,17082017,19,Cheticamp,CCGS Perley,ALAIN/MORIYASU/BOUDREAU/CORMIER,*,*,*,*,160,2,4,61.84,*,*,*,*,100,Orange,*******7**,M,*,*,*,35.79,25.88,33.79,39.76,32.7,35.2,38.96,7.5,21.84,,106.8,5.05,6.375,-,-,500,#VALUE!,9,,,,,,,,,,,
16082017,12:59,16:07,17082017,19,Cheticamp,CCGS Perley,ALAIN/MORIYASU/BOUDREAU/CORMIER,*,*,*,*,161,2,4,66.67,*,*,*,*,85,Beige,1*******7*,M,*,*,*,42.22,25.34,41.11,39.02,3.73,15.68,15.62,1.38,2.7,Sinile,106.4,1.582,4.652,1.8607,0.0253,500,36772.72727,NF ,,,,,,,,,,,
16082017,12:59,16:07,17082017,19,Cheticamp,CCGS Perley,ALAIN/MORIYASU/BOUDREAU/CORMIER,*,*,*,*,162,2,4,63.36,*,*,*,*,100,Orange,**********,M,*,*,*,34.43,26.69,31.57,45.44,32.57,39.56,32.05,4.62,14.12,,123.9,6.806,6.077,3.3615,0.0297,500,56590.90909,8,,,,,,,,,,,
16082017,12:59,16:07,17082017,19,Cheticamp,CCGS Perley,ALAIN/MORIYASU/BOUDREAU/CORMIER,*,*,*,*,163,2,4,73.85,*,*,*,*,100,Orange,1*****1***,M,*,*,*,36.96,28.52,37.72,49.3,36.04,45.08,31.4,3.34,10.15,,159.9,8.909,9.122,5.6055,0.0308,500,90998.37662,9,,,,,,,,,,,
16082017,12:59,16:07,17082017,19,Cheticamp,CCGS Perley,ALAIN/MORIYASU/BOUDREAU/CORMIER,*,*,*,*,164,2,4,67.69,*,*,*,*,100,Beige,*******71*,M,*,*,*,37.25,27.82,40.89,37.91,9.38,17.92,21.61,3.7,6.73,Sinile,114.4,1.385,4.4,2.3379,0.0276,500,42353.26087,NF ,,,,,,,,,,,
16082017,12:59,16:07,17082017,19,Cheticamp,CCGS Perley,ALAIN/MORIYASU/BOUDREAU/CORMIER,*,*,*,*,165,2,4,77.08,*,*,*,*,100,OC,**********,M,*,*,*,44.42,32.08,49.4,37.67,24.86,31.95,40.78,5.81,18.02,,178.4,3.404,9.851,5.8669,0.0324,500,90538.58025,NF ,,,,,,,,,,,
16082017,12:59,16:07,17082017,19,Cheticamp,CCGS Perley,ALAIN/MORIYASU/BOUDREAU/CORMIER,*,*,*,*,166,2,4,63.35,*,*,*,*,100,OC,******1***,M,*,*,*,39.56,31.35,44,32.64,19.93,23.17,28.55,4.47,9.71,,108.3,1.562,4.975,3.4821,0.0319,500,54578.36991,NF ,,,,,,,,,,,
16082017,12:59,16:07,17082017,19,Cheticamp,CCGS Perley,ALAIN/MORIYASU/BOUDREAU/CORMIER,*,*,*,*,167,2,4,62.41,*,*,*,*,100,OC,**********,M,*,*,*,41.02,34.91,46.72,35.84,24.65,27.85,33.88,7.41,15.5,,100.9,1.813,6.264,3.215,0.0314,500,51194.26752,NF ,,,,,,,,,,,
16082017,12:59,16:07,17082017,19,Cheticamp,CCGS Perley,ALAIN/MORIYASU/BOUDREAU/CORMIER,*,*,*,*,168,2,4,74.18,*,*,*,*,100,OC,**********,M,*,*,*,36.83,24.83,32.08,41.53,26.36,35.45,21.79,3.34,9.07,,163.2,6.82,7.544,4.1588,0.0311,500,66861.73633,9,,,,,,,,,,,
16082017,12:59,16:07,17082017,19,Cheticamp,CCGS Perley,ALAIN/MORIYASU/BOUDREAU/CORMIER,*,*,*,*,169,2,4,67.88,*,*,*,*,100,OC,****1*1***,M,*,*,*,41.13,32.23,46.44,35.25,21.56,21.71,24.24,2.31,5.59,,121.5,2.234,6.584,4.0595,0.0304,500,66768.09211,NF ,,,,,,,,,,,
16082017,12:59,16:07,17082017,19,Cheticamp,CCGS Perley,ALAIN/MORIYASU/BOUDREAU/CORMIER,*,*,*,*,170,2,4,59.99,*,*,*,*,100,OC,**********,M,*,*,*,40.12,31.64,43.95,30.25,23.56,24.75,33.04,7.19,15.33,,88.6,1.639,5.117,2.8937,0.0339,500,42679.941,NF ,,,,,,,,,,,
16082017,12:59,16:07,17082017,19,Cheticamp,CCGS Perley,ALAIN/MORIYASU/BOUDREAU/CORMIER,*,*,*,*,171,2,4,71.82,*,*,*,*,100,Beige,*******7**,M,*,*,*,37.3,31.18,41.35,34.43,16.22,23.5,16.17,0.4,1.59,Sinile (Gonade Point Rouge),167.4,1.984,5.482,3.9463,0.0311,500,63445.33762,4,,,,,,,,,,,
16082017,12:59,16:07,17082017,19,Cheticamp,CCGS Perley,ALAIN/MORIYASU/BOUDREAU/CORMIER,*,*,*,*,172,2,4,64.95,*,*,*,*,100,OC,*1**1**7**,M,*,*,*,39.62,31.91,43.55,31.83,21.18,21.67,35.72,4.54,12.77,,107,1.704,6.669,3.1485,0.0281,500,56023.13167,NF ,,,,,,,,,,,
16082017,12:59,16:07,17082017,19,Cheticamp,CCGS Perley,ALAIN/MORIYASU/BOUDREAU/CORMIER,*,*,*,*,173,2,4,64.23,*,*,*,*,100,OC,***7***7**,M,*,*,*,40.26,30.38,43.43,37.79,15.09,19.02,27.66,5.25,11.49,,115.9,1.666,6.52,3.7923,0.0324,500,58523.14815,NF ,,,,,,,,,,,
16082017,12:59,16:07,17082017,19,Cheticamp,CCGS Perley,ALAIN/MORIYASU/BOUDREAU/CORMIER,*,*,*,*,174,2,4,66.79,*,*,*,*,100,Orange,**77*****7,M,*,*,*,34.19,27.47,32.95,45.97,34.46,43.01,35.76,1.81,11.12,,123,5.728,7.067,2.747,0.0307,500,44739.41368,9,,,,,,,,,,,
16082017,12:59,16:07,17082017,19,Cheticamp,CCGS Perley,ALAIN/MORIYASU/BOUDREAU/CORMIER,*,*,*,*,175,2,4,72.47,*,*,*,*,100,Orange,**********,M,*,*,*,35.11,24.55,39.86,44.02,28.23,33.73,41.14,6.45,24.13,,180.6,10.1,8.662,4.1559,0.0319,500,65139.49843,8,,,,,,,,,,,
16082017,12:59,16:07,17082017,19,Cheticamp,CCGS Perley,ALAIN/MORIYASU/BOUDREAU/CORMIER,*,*,*,*,176,2,4,60.15,*,*,*,*,100,Orange,*1****1***,M,*,*,*,41.03,32.51,44.46,30.84,22.67,23.56,NA,NA,NA,No Colorimeter for Hepato,83.3,1.518,4.584,2.9246,0.0303,500,48260.72607,NF ,,,,,,,,,,,
16082017,12:59,16:07,17082017,19,Cheticamp,CCGS Perley,ALAIN/MORIYASU/BOUDREAU/CORMIER,*,*,*,*,177,2,4,65.59,*,*,*,*,100,OC,**********,M,*,*,*,39.09,30.13,43.54,35.61,14.67,21.08,28.69,2.68,10.27,,143.7,2.386,5.325,3.6404,0.031,500,58716.12903,NF ,,,,,,,,,,,
16082017,12:59,16:07,17082017,19,Cheticamp,CCGS Perley,ALAIN/MORIYASU/BOUDREAU/CORMIER,*,*,*,*,178,2,4,65.11,*,*,*,*,100,Orange,***77*****,M,*,*,*,37.29,27.04,34.65,43.91,33.3,39.25,31.33,3.05,12.7,,139.7,6.58,7.551,3.4673,0.0305,500,56840.98361,8,,,,,,,,,,,
16082017,12:59,16:07,17082017,19,Cheticamp,CCGS Perley,ALAIN/MORIYASU/BOUDREAU/CORMIER,*,*,*,*,179,2,4,70.12,*,*,*,*,100,Orange,**********,M,*,*,*,33.69,27.42,32.37,44.6,36.27,42.19,36.07,6.09,19.56,,151.7,6.91,8.997,4.723,0.0315,500,74968.25397,8,,,,,,,,,,,
16082017,12:59,16:07,17082017,19,Cheticamp,CCGS Perley,ALAIN/MORIYASU/BOUDREAU/CORMIER,*,*,*,*,180,2,4,65.7,*,*,*,*,100,OC,**17****11,M,*,*,*,40.27,32.02,45.86,33.89,20.86,24.11,25.58,3.03,8.09,,96.5,2.15,2.818,3.6231,0.0326,500,55569.0184,NF ,,,,,,,,,,,
16082017,12:59,16:07,17082017,19,Cheticamp,CCGS Perley,ALAIN/MORIYASU/BOUDREAU/CORMIER,*,*,*,*,181,2,4,62.21,*,*,*,*,100,OC,**********,M,*,*,*,41.33,31.07,43.62,35.69,22.62,22.89,36.65,4.98,13.3,,111.3,2.25,5.451,-,-,500,#VALUE!,NF ,,,,,,,,,,,
16082017,12:59,16:07,17082017,19,Cheticamp,CCGS Perley,ALAIN/MORIYASU/BOUDREAU/CORMIER,*,*,*,*,182,2,4,68.66,*,*,*,*,100,OC,**7*******,M,*,*,*,43.78,32.09,47.36,36.63,19.89,23.56,33.7,3.45,10.02,,142,2.145,8.736,3.9217,0.0293,500,66923.20819,NF ,,,,,,,,,,,
16082017,12:59,16:07,17082017,19,Cheticamp,CCGS Perley,ALAIN/MORIYASU/BOUDREAU/CORMIER,*,*,*,*,183,2,4,61.82,*,*,*,*,100,OC,*******71*,M,*,*,*,41.55,33.03,47.78,35.4,23.24,26.55,31.45,4.95,12.56,,90.1,1.521,4.954,2.8885,0.0293,500,49291.80887,4,,,,,,,,,,,
16082017,12:59,16:07,17082017,19,Cheticamp,CCGS Perley,ALAIN/MORIYASU/BOUDREAU/CORMIER,*,*,*,*,184,2,4,57.86,*,*,*,*,100,Orange,**********,M,*,*,*,36.49,26.2,33.77,38.48,32.05,40.43,36.3,6.7,16.38,,100.4,4.095,4.757,1.6934,0.0318,500,26625.78616,7,,,,,,,,,,,
16082017,12:59,16:07,17082017,19,Cheticamp,CCGS Perley,ALAIN/MORIYASU/BOUDREAU/CORMIER,*,*,*,*,185,2,4,67.61,*,*,*,*,100,OC,**********,M,*,*,*,40.52,30.96,43.99,36.64,20.48,24.3,31.07,2.43,9.75,,157.4,3.082,7.406,3.732,0.0279,500,66881.72043,4,,,,,,,,,,,
16082017,12:59,16:07,17082017,19,Cheticamp,CCGS Perley,ALAIN/MORIYASU/BOUDREAU/CORMIER,*,*,*,*,186,2,4,66.14,*,*,*,*,100,OC,*******1**,M,*,*,*,41.49,29.09,42.62,34.49,16.01,23.11,28.92,6.39,11.16,,114.8,1.839,5.179,3.3827,0.03,500,56378.33333,NF ,,,,,,,,,,,
16082017,12:59,16:07,17082017,19,Cheticamp,CCGS Perley,ALAIN/MORIYASU/BOUDREAU/CORMIER,*,*,*,*,187,2,4,66.48,*,*,*,*,100,OC,****7**7**,M,*,*,*,41.59,31.87,48.88,36.74,17.96,20.24,28.64,6.37,14.58,,115.9,2.109,6.766,3.703,0.0327,500,56620.79511,NF ,,,,,,,,,,,
16082017,12:59,16:07,17082017,19,Cheticamp,CCGS Perley,ALAIN/MORIYASU/BOUDREAU/CORMIER,*,*,*,*,188,2,4,76.6,*,*,*,*,100,Orange,*********1,M,*,*,*,35.83,25.17,35.14,55.26,37.72,55.73,36.66,3.35,10.71,,180,9.823,8.729,4.224,0.0303,500,69702.9703,8,,,,,,,,,,,
16082017,12:59,16:07,17082017,19,Cheticamp,CCGS Perley,ALAIN/MORIYASU/BOUDREAU/CORMIER,*,*,*,*,189,2,4,74.14,*,*,*,*,100,OC,**********,M,*,*,*,41.13,32.67,45.13,37.04,24.33,25.92,36.94,5.06,13.84,,173,3.112,8.015,5.4993,0.0321,500,85658.8785,NF ,,,,,,,,,,,
16082017,12:59,16:07,17082017,19,Cheticamp,CCGS Perley,ALAIN/MORIYASU/BOUDREAU/CORMIER,*,*,*,*,190,2,4,69.13,*,*,*,*,100,OC,****1**177,M,*,*,*,38.7,32.37,42.22,40.77,26.29,28.82,37.48,6.56,16.44,,154.7,3.128,8.764,4.3779,0.0297,500,73702.0202,4,,,,,,,,,,,
16082017,12:59,16:07,17082017,19,Cheticamp,CCGS Perley,ALAIN/MORIYASU/BOUDREAU/CORMIER,*,*,*,*,191,2,4,64.06,*,*,*,*,100,Beige,**********,M,*,*,*,39.23,32.55,44.07,36.75,15.94,21.19,28.1,7.42,13.9,,95.8,1.486,6.092,2.7809,0.0301,500,46194.35216,NF ,,,,,,,,,,,
16082017,12:59,16:07,17082017,19,Cheticamp,CCGS Perley,ALAIN/MORIYASU/BOUDREAU/CORMIER,*,*,*,*,192,2,4,61.8,*,*,*,*,100,OC,**********,M,*,*,*,41.75,32.47,46.2,36.14,18.97,18.12,29.23,3.19,8.67,,113.4,2.049,6.045,3.2173,0.0331,500,48599.69789,4,,,,,,,,,,,
16082017,12:59,16:07,17082017,19,Cheticamp,CCGS Perley,ALAIN/MORIYASU/BOUDREAU/CORMIER,*,*,*,*,193,2,4,65.96,*,*,*,*,100,OC,**********,M,*,*,*,35.6,29.74,38.95,35.79,19.23,21.3,35.58,6.1,14.54,,139.6,2.318,6.061,4.2428,0.0319,500,66501.5674,NF ,,,,,,,,,,,
16082017,12:59,16:07,17082017,19,Cheticamp,CCGS Perley,ALAIN/MORIYASU/BOUDREAU/CORMIER,*,*,*,*,194,2,4,59.6,*,*,*,*,100,Orange,*******7**,M,*,*,*,34.64,27.2,33.21,35.7,30.32,29.63,36.87,5.01,16.24,,91.1,4.805,5.574,2.5143,0.0302,500,41627.48344,8,,,,,,,,,,,
16082017,12:59,16:07,17082017,19,Cheticamp,CCGS Perley,ALAIN/MORIYASU/BOUDREAU/CORMIER,*,*,*,*,195,2,4,60.07,*,*,*,*,100,OC,2*********,M,*,*,*,37.34,31.22,39.26,36.47,21.09,22.97,25.68,4.11,7.93,,100.9,1.699,4.688,2.8448,0.0308,500,46181.81818,6,,,,,,,,,,,
16082017,12:59,16:07,17082017,19,Cheticamp,CCGS Perley,ALAIN/MORIYASU/BOUDREAU/CORMIER,*,*,*,*,196,2,4,78.41,*,*,*,*,100,Orange,*******7**,M,*,*,*,34.55,28.64,35.48,45.83,36.66,41.72,44.36,4.3,19.03,,192.1,9.397,10.625,6.7493,0.0318,500,106121.0692,8,,,,,,,,,,,
16082017,12:59,16:07,17082017,19,Cheticamp,CCGS Perley,ALAIN/MORIYASU/BOUDREAU/CORMIER,*,*,*,*,197,2,4,74.69,*,*,*,*,100,Orange,**********,M,*,*,*,36.81,27.27,34.71,45.56,35.87,43.47,36.24,7.51,16.65,,173.9,9.661,8.525,5.5668,0.0313,500,88926.51757,8,,,,,,,,,,,
16082017,12:59,16:07,17082017,19,Cheticamp,CCGS Perley,ALAIN/MORIYASU/BOUDREAU/CORMIER,*,*,*,*,198,2,4,69.72,*,*,*,*,100,Orange,**7*******,M,*,*,*,36.98,24.81,32.48,44.37,32.87,41.57,24.78,3.71,10.59,,134.4,7.659,6.965,3.9535,0.03,500,65891.66667,9,,,,,,,,,,,
16082017,12:59,16:07,17082017,19,Cheticamp,CCGS Perley,ALAIN/MORIYASU/BOUDREAU/CORMIER,*,*,*,*,199,2,4,78.58,*,*,*,*,100,Orange,**********,M,*,*,*,36.26,27.56,35.3,41.69,32,34.25,34.83,5.26,16.07,,235.8,10.527,11.874,5.5516,0.0334,500,83107.78443,9,,,,,,,,,,,
16082017,12:59,16:07,17082017,19,Cheticamp,CCGS Perley,ALAIN/MORIYASU/BOUDREAU/CORMIER,*,*,*,*,200,2,4,60.05,*,*,*,*,100,Orange,******1***,M,*,*,*,39.98,33.86,45.92,31.34,27.57,28.46,29.82,4.62,10.87,,94.3,1.71,5.177,3.1019,0.0308,500,50355.51948,4,,,,,,,,,,,
16082017,12:59,16:07,17082017,19,Cheticamp,CCGS Perley,ALAIN/MORIYASU/BOUDREAU/CORMIER,*,*,*,*,201,2,4,71.52,*,*,*,*,100,OC,**1*******,M,*,*,*,43.42,29.06,44.26,40.83,16.4,20.67,17.9,1.02,3.62,,162.4,2.191,7.965,5.0359,0.0302,500,83375.82781,NF ,,,,,,,,,,,
16082017,12:59,16:07,17082017,19,Cheticamp,CCGS Perley,ALAIN/MORIYASU/BOUDREAU/CORMIER,*,*,*,*,202,2,4,57.92,*,*,*,*,100,OC,**********,M,*,*,*,40.63,31.05,44.58,35.56,18.27,19.36,18.13,5.08,10.59,,97.7,1.63,4.148,3.2329,0.0337,500,47965.87537,4,,,,,,,,,,,
16082017,12:59,16:07,17082017,19,Cheticamp,CCGS Perley,ALAIN/MORIYASU/BOUDREAU/CORMIER,*,*,*,*,203,2,4,75.71,*,*,*,*,100,Orange,********1*,M,*,*,*,36.23,28.9,35.25,42.7,31.94,37.76,28.88,4.86,13.3,,205.7,11.971,10.808,5.5817,0.0309,500,90318.77023,9,,,,,,,,,,,
16082017,12:59,16:07,17082017,19,Cheticamp,CCGS Perley,ALAIN/MORIYASU/BOUDREAU/CORMIER,*,*,*,*,204,2,4,65.46,*,*,*,*,100,OC,*1********,M,*,*,*,40.02,31.85,44.86,34.94,22.51,24.63,29.21,5.15,11.92,,106.2,1.845,7.548,3.5841,0.0318,500,56353.77358,9,,,,,,,,,,,
16082017,12:59,16:07,17082017,19,Cheticamp,CCGS Perley,ALAIN/MORIYASU/BOUDREAU/CORMIER,*,*,*,*,205,2,4,60.3,*,*,*,*,100,Beige,******11**,M,*,*,*,38.24,26.52,36.74,40.53,7.8,17.56,15.54,1.41,3.46,Sinile,99.6,1.326,3.79,1.8715,0.0298,500,31401.00671,NF ,,,,,,,,,,,
16082017,12:59,16:07,17082017,19,Cheticamp,CCGS Perley,ALAIN/MORIYASU/BOUDREAU/CORMIER,*,*,*,*,206,2,4,80.95,*,*,*,*,100,Orange,**********,M,*,*,*,35.2,26.12,33.39,45.77,31.52,39.98,30.6,5.73,17.82,,232.2,10.314,11.925,5.5229,0.0305,500,90539.34426,9,,,,,,,,,,,
16082017,12:59,16:07,17082017,19,Cheticamp,CCGS Perley,ALAIN/MORIYASU/BOUDREAU/CORMIER,*,*,*,*,207,2,4,56.1,*,*,*,*,100,OC,**********,M,*,*,*,36.83,34.72,43.27,37.75,23.79,23.53,35.55,6.43,13.59,,74.4,1.722,5.408,2.4188,0.0298,500,40583.89262,NF ,,,,,,,,,,,
16082017,12:59,16:07,17082017,19,Cheticamp,CCGS Perley,ALAIN/MORIYASU/BOUDREAU/CORMIER,*,*,*,*,208,2,4,57.98,*,*,*,*,100,OC,*******1**,M,*,*,*,40.95,33.5,47.45,35.19,17.84,23.37,16.78,4.03,7.76,,80.7,1.269,3.684,2.3913,0.0338,500,35374.26036,NF ,,,,,,,,,,,
16082017,12:59,16:07,17082017,19,Cheticamp,CCGS Perley,ALAIN/MORIYASU/BOUDREAU/CORMIER,*,*,*,*,209,2,4,63.65,*,*,*,*,100,Orange,**********,M,*,*,*,35.6,25.78,31.27,43.18,24.31,24.19,36.2,6.34,17.5,,128.5,6.998,5.322,3.001,0.0308,500,48717.53247,9,,,,,,,,,,,
16082017,12:59,16:07,17082017,19,Cheticamp,CCGS Perley,ALAIN/MORIYASU/BOUDREAU/CORMIER,*,*,*,*,210,2,4,61.85,*,*,*,*,100,OC,**********,M,*,*,*,42.07,32.89,44.02,37.65,18.38,19.97,28.26,4.61,10.9,,100.3,1.646,5.091,3.0664,0.0316,500,48518.98734,NF ,,,,,,,,,,,
16082017,12:59,16:07,17082017,19,Cheticamp,CCGS Perley,ALAIN/MORIYASU/BOUDREAU/CORMIER,*,*,*,*,211,2,4,65.86,*,*,*,*,85,Beige,**********,M,*,*,*,37,28.55,36.86,35.52,10.82,15.45,17.28,2.75,3.75,Sinile,104.8,1.504,3.989,1.5471,0.0291,500,26582.47423,NF ,,,,,,,,,,,
16082017,12:59,16:07,17082017,19,Cheticamp,CCGS Perley,ALAIN/MORIYASU/BOUDREAU/CORMIER,*,*,*,*,212,2,4,68.47,*,*,*,*,100,Orange,**********,M,*,*,*,38.82,24.29,34.95,45.62,30.99,37.8,26.55,4.12,11.51,,163.1,5.479,7.062,3.767,0.0323,500,58312.6935,9,,,,,,,,,,,
16082017,12:59,16:07,17082017,19,Cheticamp,CCGS Perley,ALAIN/MORIYASU/BOUDREAU/CORMIER,*,*,*,*,213,2,4,76.62,*,*,*,*,100,OC,**********,M,*,*,*,43.2,29.57,35.65,37.16,17.15,21.4,31.48,4.48,13.73,,189.6,3.01,10.601,4.8807,0.03,500,81345,NF ,,,,,,,,,,,
