"date","tow.id","tow.number","crab.number","sampler","process","carapace.width","abdomen.width","abdomen.height","shell.condition","egg.development","egg.weight","egg.colour","gonad.colour","egg.colour.L","egg.colour.a","egg.colour.b","egg.weight.sample","egg.count.sample","egg.weight.2","egg.weight.sample.2","egg.count.sample.2","date.measured","date.counting","start.time.counting","end.time.counting","rinse.start.time","rinse.end.time","comment.egg.development","comment.rinsing","comments.cleaning"
"2019-07-12","GP346F",7,32,"Emily & Murray","Min",61.85,42.2,27.54,4,"7",2.4401,2,"orange",40.02,31.47,39.6,0.0306,546,NA,NA,NA,"2020-03-06","2020-03-12","","","14:57:00","15:50:00","","lots of loose eggs","parasites"
"2019-07-12","GP346F",7,33,"Emily","Min",70.69,48.46,31.14,3,"8",3.0222,2,"orange",45.17,28.38,45.88,0.0302,506,NA,NA,NA,"2020-03-13","2021-03-22","","","15:03:00","16:09:00","","",""
"2019-07-12","GP342F",8,209,"Emily & Murray","Min",64.96,45.21,27.55,2,"4S",2.0069,1,"white",48.5,31.18,52.36,0.0308,470,NA,NA,NA,"2020-03-06","2020-12-17","","","09:04:00","13:03:00","Irregular spotting in eggs/Dev not clear","missing 2 setaes",""
"2019-07-12","GP342F",8,218,"Emily","Min",61.11,44.5,27.11,3,"4",3.5871,1,"orange",45.84,28.74,40.2,0.0302,470,NA,NA,NA,"2020-03-13","2021-03-22","","","14:27:00","15:53:00","","","parasites"
"2019-07-12","GP323F",11,20,"Emily","Min",56.39,39.62,24.12,2,"4",1.3116,1,"beige",49.44,28.73,56.23,0.03,553,NA,NA,NA,"2020-03-02","2020-03-09","","","11:41:00","14:20:00","","",""
"2019-07-13","GP344F",3,21,"Emily & Murray","Min",59.27,39.42,26.01,3,"S",2.7877,1,"orange",44.8,30.19,50.86,0.0308,485,NA,NA,NA,"2020-02-28","2020-03-10","","","13:37:00","15:12:00","Irregular spotting in eggs/Dev not clear","",""
"2019-07-13","GP335F",5,28,"Emily & Murray","Min",61.35,44.13,27.7,4,"3S",2.7652,1,"beige",45.92,28.67,51.32,0.0306,514,NA,NA,NA,"2020-03-12","2021-01-04","","","09:06:00","11:37:00","Irregular spotting in eggs/Dev not clear","","parasites"
"2019-07-13","GP335F",5,29,"Emily","Min",52.23,37.77,23.08,2,"S",1.9847,1,"beige",45.83,30.88,52.44,0.0297,509,NA,NA,NA,"2020-03-02","2020-03-09","","","13:44:00","14:57:00","Irregular spotting in eggs/Dev not clear","eggs look really pale",""
"2019-07-13","GP331F",6,42,"Emily & Murray","Min",60.12,42.91,28.28,2,"9",1.8588,1,"orange",39.6,25.59,39.78,0.0301,549,NA,NA,NA,"2020-03-06","2020-12-16","","","11:42:00","13:16:00","","",""
"2019-07-13","GP331F",6,52,"Emily","Min",77.07,54.09,34.66,4,"8",2.9393,2,"orange",38.5,25.6,41,0.03,629,NA,NA,NA,"2020-03-02","2020-03-09","","","11:29:00","14:00:00","","","parasites"
"2019-07-13","GP325F",7,281,"Emily","Min",64.09,47.08,28.75,2,"6",2.1306,1,"orange",45.89,30.63,53.19,0.0301,540,NA,NA,NA,"2020-03-06","2020-03-12","","","10:25:00","13:15:00","","",""
"2019-07-13","GP326F",8,267,"Emily","Min",60.82,43.26,26.52,2,"",1.9985,1,"beige",47.31,28.07,52.64,0.0306,555,NA,NA,NA,"2020-03-13","2021-01-04","","","14:14:00","15:47:00","Bouin's dried","",""
"2019-07-13","GP315F",9,257,"Emily","",62.78,45.77,28.63,2,"S",2.0796,1,"orange",47.01,29.36,53.55,0.0299,452,NA,NA,NA,"2020-03-13","2021-03-18","","","10:38:00","13:59:00","Irregular spotting in eggs/Dev not clear","",""
"2019-07-14","GP324F",1,18,"Emily & Murray","Min",57.04,40.94,25.38,3,"8",2.3417,2,"orange",39.62,30.3,37.03,0.0304,479,NA,NA,NA,"2020-03-02","2020-03-09","","","10:26:00","12:58:00","","lots of loose eggs & missing setae",""
"2019-07-14","GP324F",1,36,"Emily","Min",54.74,37.85,24.86,2,"3",2.085,1,"beige",44.81,31.05,50.64,0.0301,537,NA,NA,NA,"2020-03-12","2021-03-12","","","11:25:00","13:12:00","","missing 1 setae","parasites"
"2019-07-14","GP313F",2,19,"Emily","Min",66.13,43.8,28.99,4,"3",3.3622,2,"beige",44.7,28.63,44.66,0.0302,484,NA,NA,NA,"2020-03-13","2020-12-23","","","14:08:00","15:45:00","","",""
"2019-07-14","GP313F",2,20,"Emily & Murray","Min",63.37,44.54,28.77,2,"8",2.3388,1,"orange",44.75,28.89,43.06,0.0303,528,NA,NA,NA,"2020-03-12","2020-12-23","","","10:18:00","11:27:00","","lots of loose eggs & deformed abdomen",""
"2019-07-14","GP320F",3,67,"Emily & Murray","Min",70.48,49.59,31.33,4,"3S",4.3259,1,"beige",44.73,28.97,48.08,0.0305,532,NA,NA,NA,"2020-03-06","2020-12-16","","","15:04:00","15:52:00","Irregular spotting in eggs/Dev not clear","lots of loose eggs",""
"2019-07-14","GP295F",6,61,"Emily","Min",65.3,45.61,29.08,4,"12",2.2242,3,"orange",24.15,3.87,4.17,0.0304,737,NA,NA,NA,"2020-03-02","2021-04-01","","","11:10:00","13:32:00","","lots of loose eggs","parasites"
"2019-07-14","GP273F",9,162,"Emily & Murray","Min",65.66,47.26,30.39,4,"8",4.1978,2,"orange",41.54,28.27,36.77,0.0303,480,NA,NA,NA,"2020-03-06","2020-12-16","","","14:03:00","15:28:00","","",""
"2019-07-14","GP273F",9,174,"Emily & Murray","Min",62.57,43.65,29.84,2,"8",2.1171,1,"orange",41.52,29.29,41.57,0.0303,535,NA,NA,NA,"2020-03-12","2021-01-05","","","11:08:00","13:06:00","","",""
"2019-07-15","GP250F",3,3,"Emily & Murray","Min",61.51,43.05,25.84,4,"4S",0.963,1,"beige",43.63,21.85,46.05,0.0309,570,NA,NA,NA,"2020-03-06","2020-03-12","","","15:16:00","15:55:00","Irregular spotting in eggs/Dev not clear","",""
"2019-07-15","GP208F",9,13,"Emily","",55.36,38.35,24.04,3,"8",1.5573,1,"orange",39.15,24.48,38.7,0.0307,509,NA,NA,NA,"2020-03-13","2021-03-18","","","10:50:00","14:03:00","","",""
"2019-07-15","GP207F",10,31,"Emily","Min",66.31,46.63,27.92,2,"4S",2.566,1,"orange",43.03,32.1,48.33,0.0303,506,NA,NA,NA,"2020-03-06","2020-03-11","","","14:27:00","15:36:00","Irregular spotting in eggs/Dev not clear","lots of loose eggs",""
"2019-07-16","GP249F",3,11,"Emily & Murray","Min",60.27,43.72,26.82,4,"8",2.7479,2,"orange",39.48,25.31,40.22,0.0302,507,NA,NA,NA,"2020-03-12","2021-01-04","","","08:56:00","11:35:00","","",""
"2019-07-16","GP243F",4,14,"Emily","Min",60.93,42.17,28.82,4,"8",3.1028,2,"",NA,NA,NA,0.0298,456,NA,NA,NA,"2020-03-13","2021-03-17","","","08:43:00","13:27:00","","","parasites"
"2019-07-16","GP261F",5,26,"Emily & Murray","Min",46.19,33.07,21.15,3,"3S",1.3161,1,"orange",42.92,33.96,46.99,0.0306,474,NA,NA,NA,"2020-03-06","2020-12-16","","","13:57:00","15:23:00","Irregular spotting in eggs/Dev not clear","",""
"2019-07-16","GP261F",5,76,"Emily & Murray","Min",49.56,32.37,20.61,2,"8",0.9079,1,"orange",39.82,28.98,41.66,0.0306,554,NA,NA,NA,"2020-03-06","2020-12-15","","","10:13:00","13:10:00","","",""
"2019-07-16","GP257F",6,49,"Emily","",73.46,52.05,33.78,4,"8",3.1384,2,"orange",39.06,21.34,36.48,0.0289,520,NA,NA,NA,"2020-03-02","2021-04-01","","","13:52:00","15:02:00","","","parasites"
"2019-07-16","GP257F",6,67,"Murray","Min",58.63,41.51,27.26,2,"NF",2.1148,1,"orange",46.75,31.33,52.49,0.0306,483,NA,NA,NA,"2021-03-11","2021-03-17","","","14:28:00","15:02:00","Irregular spotting in eggs; Not fertilized","","parasites"
"2019-07-16","GP278F",7,27,"Emily & Murray","Min",63.82,41.33,29.06,4,"8",3.1956,2,"orange",40.48,23.24,37.98,0.0307,538,NA,NA,NA,"2020-02-28","2020-03-10","","","13:45:00","15:15:00","","","parasites"
"2019-07-16","GP278F",7,29,"Emily","Min",52.82,35.71,21.79,2,"3S",1.0168,1,"orange",43.64,31.67,50.38,0.0305,558,NA,NA,NA,"2020-03-02","2020-03-10","","","15:13:00","16:15:00","Irregular spotting in eggs/Dev not clear","","parasites"
"2019-07-16","GP290F",9,58,"Emily & Murray","Min",54.91,35.88,23.89,3,"8",1.3036,2,"orange",38.36,28.57,34.55,0.03,554,NA,NA,NA,"2020-02-28","2020-03-10","","","14:44:00","15:42:00","","","parasites"
"2019-07-16","GP290F",9,59,"Emily","Min",56.65,36.43,25.06,2,"S",1.5466,1,"orange",44.27,35.38,51.11,0.0326,575,NA,NA,NA,"2020-03-02","2020-03-09","","","11:34:00","14:01:00","Irregular spotting in eggs/Dev not clear","",""
"2019-07-16","GP281F",12,60,"Emily & Murray","Min",54.97,38.1,25.49,2,"8",1.4266,1,"orange",39.93,27.66,42.7,0.0303,555,NA,NA,NA,"2020-02-28","2020-03-10","","","14:57:00","15:49:00","","",""
"2019-07-16","GP281F",12,85,"Emily & Murray","Min",60.47,41.79,27.79,3,"8",1.8535,1,"orange",39.48,28.85,39.98,0.0308,504,NA,NA,NA,"2020-03-02","2020-03-11","","","14:20:00","15:15:00","","lots of loose eggs",""
"2019-07-16","GP258F",13,107,"Murray","Min",49.59,35.55,22.27,2,"8",0.9281,2,"",38.39,28.82,41.8,0.0339,623,NA,NA,NA,"2021-03-10","2021-03-26","","","09:31:00","12:50:00","","",""
"2019-07-16","GP258F",13,116,"Emily","",49.97,37.7,24.03,2,"8",1.1041,1,"",NA,NA,NA,0.0302,555,NA,NA,NA,"2020-03-13","2021-03-17","","","11:19:00","13:34:00","","",""
"2019-07-16","GP247F",14,87,"Emily & Murray","Min",46.61,33.6,20.01,2,"3S",0.9149,1,"orange",46.8,28.12,54.32,0.0307,519,NA,NA,NA,"2020-03-06","2020-12-16","","","11:48:00","13:25:00","Irregular spotting in eggs/Dev not clear","",""
"2019-07-17","GP223F",1,274,"Emily & Murray","Min",52.37,36.95,21.93,2,"S",0.9738,1,"orange",45.58,29.52,51.24,0.0306,581,NA,NA,NA,"2020-03-02","2020-03-09","","","10:35:00","13:00:00","Irregular spotting in eggs/Dev not clear","","dropped"
"2019-07-17","GP223F",1,275,"Emily","Min",57.09,38.99,24.36,3,"8",1.1867,2,"orange",36.34,27.86,38.81,0.0317,611,NA,NA,NA,"2020-03-06","2020-03-12","","","10:19:00","13:13:00","","",""
"2019-07-17","GP216F",2,58,"Emily & Murray","Min",52.56,37.91,24.35,2,"8",1.3019,1,"orange",39.18,27.63,40.44,0.0309,560,NA,NA,NA,"2020-03-06","2020-12-17","","","08:55:00","13:00:00","","",""
"2019-07-17","GP216F",2,59,"Emily & Murray","Min",54.16,37.09,24.17,3,"3S",2.308,2,"beige",42.06,29.4,48.15,0.0307,473,NA,NA,NA,"2020-03-02","2020-03-11","","","14:35:00","15:19:00","Irregular spotting in eggs/Dev not clear","",""
"2019-07-17","GP195F",3,86,"Emily & Murray","Min",73.5,53.2,34.17,4,"3S",2.023,2,"white",44.98,26.7,49.77,0.0312,458,NA,NA,NA,"2020-03-02","2020-03-11","","","14:29:00","15:16:00","Irregular spotting in eggs/Dev not clear","","parasites"
"2019-07-17","GP195F",3,87,"Murray","Min",57.17,40.01,26.41,2,"NF",1.7927,1,"orange",43.15,31.5,46.97,0.029,513,NA,NA,NA,"2021-03-11","2021-03-31","","","14:13:00","14:58:00","Not fertilized","",""
"2019-07-17","GP205F",4,77,"Emily & Murray","Min",56.75,39.43,25.57,4,"8",2.6517,2,"orange",35.69,25.2,34.22,0.0316,470,NA,NA,NA,"2020-03-06","2020-12-16","","","14:12:00","15:30:00","","lots of loose eggs","parasites"
"2019-07-17","GP213F",5,131,"Emily","Min",53.73,39.07,22.68,2,"4S",1.4815,1,"orange",44.46,28.08,48.54,0.0299,489,NA,NA,NA,"2020-03-02","2020-03-10","","","15:08:00","16:11:00","Irregular spotting in eggs/Dev not clear","",""
"2019-07-17","GP213F",5,132,"Emily & Murray","Min",57.66,39.35,26.24,4,"3F",2.0634,2,"beige",41.23,27.83,46.33,0.0303,480,NA,NA,NA,"2020-02-28","2020-03-09","","","13:59:00","15:24:00","Fertilized but development not clear","","parasites"
"2019-07-17","GP228F",6,129,"Emily","Min",50.33,34.78,22.21,3,"8",1.2107,1,"orange",37.83,28.47,40.61,0.0304,543,NA,NA,NA,"2020-03-13","2021-03-18","","","11:13:00","13:39:00","","lots of loose eggs",""
"2019-07-17","GP228F",6,131,"Emily","Min",52.13,37.08,20.87,2,"4S",1.2343,1,"orange",42.05,26.56,45.99,0.0307,514,NA,NA,NA,"2020-03-13","2021-03-15","","","09:10:00","13:30:00","Irregular spotting in eggs/Dev not clear","abdomen not cut properly will affect height",""
"2019-07-17","GP242F",7,46,"Emily & Murray","Min",47.02,33.29,21.1,2,"6",0.772,2,"white",46.18,26.44,54.65,0.0304,569,NA,NA,NA,"2020-02-28","2020-03-06","","","13:52:00","15:16:00","","mushy abdomen",""
"2019-07-17","GP253F",8,170,"Emily & Murray","Min",48.21,33.3,19.39,2,"9F",0.9706,1,"beige",47.2,28.63,54.92,0.0305,581,NA,NA,NA,"2020-02-28","2020-03-09","","","14:05:00","15:29:00","Fertilized but development not clear","mushy abdomen",""
"2019-07-17","GP239A1",10,93,"Emily & Murray","Min",63.97,44.04,25.88,2,"4",2.0591,1,"white",45.36,29.06,52.93,0.0303,592,NA,NA,NA,"2020-02-28","2020-03-09","","","14:27:00","15:34:00","","",""
"2019-07-17","GP224F",11,130,"Emily & Murray","Min",50.95,35.98,23.71,2,"4",1.2559,1,"orange",46.52,30.83,54.56,0.0299,503,NA,NA,NA,"2020-03-12","2021-01-04","","","09:10:00","11:39:00","","",""
"2019-07-17","GP224F",11,132,"Emily & Murray","Min",55.28,37.67,23.98,3,"3S",2.3259,1,"orange",44.25,25,47.65,0.0305,505,NA,NA,NA,"2020-03-06","2020-12-16","","","10:39:00","13:17:00","Irregular spotting in eggs/Dev not clear","",""
"2019-07-18","GP222F",1,126,"Emily & Murray","Min",57.14,41.01,25.84,3,"3S",2.6317,1,"orange",48.1,26.64,53.66,0.0304,449,NA,NA,NA,"2020-03-06","2020-12-17","","","09:11:00","13:06:00","Irregular spotting in eggs/Dev not clear","",""
"2019-07-18","GP222F",1,144,"Emily & Murray","Min",49.92,36.9,23.21,2,"8",1.1471,1,"orange",38.71,24.72,41.26,0.0304,559,NA,NA,NA,"2020-03-06","2020-12-17","","","11:23:00","13:19:00","","",""
"2019-07-18","GP211F",2,83,"Emily & Murray","Min",44.65,31.57,19.18,3,"3",1.1732,1,"beige",42.99,30.32,47.66,0.0307,442,NA,NA,NA,"2020-02-28","2020-03-09","","","14:35:00","14:35:00","","","parasites"
"2019-07-18","GP211F",2,92,"Emily & Murray","Min",45.76,32.06,19.05,2,"4S",0.7959,1,"orange",42.04,28.4,47.11,0.031,555,NA,NA,NA,"2020-03-06","2020-12-16","","","15:23:00","15:57:00","Irregular spotting in eggs/Dev not clear","",""
"2019-07-18","GP186F",4,28,"Emily","Min",46.24,32.89,21.88,4,"3S",1.1868,1,"beige",43.37,27.04,47.36,0.0327,522,NA,NA,NA,"2020-03-02","2020-03-10","","","14:50:00","15:26:00","Irregular spotting in eggs/Dev not clear","","parasites"
"2019-07-18","GP182F",5,105,"Emily & Murray","Min",46.74,32.81,22.15,2,"7",0.868,1,"orange",43.96,30.24,53.38,0.0303,524,NA,NA,NA,"2020-02-28","2020-03-10","","","14:50:00","15:45:00","","",""
"2019-07-18","GP199F",6,90,"Emily & Murray","Min",67.62,48.17,33.11,4,"8",3.5018,2,"orange",38.46,21.68,36.32,0.031,468,NA,NA,NA,"2020-03-02","2020-03-10","","","13:31:00","14:56:00","","lots of loose eggs","parasites"
"2019-07-18","GP199F",6,139,"Emily & Murray","Min",58.51,42.11,25.57,2,"S",1.6969,1,"orange",44.13,28.72,51.19,0.0309,484,NA,NA,NA,"2020-03-02","2020-02-11","","","13:57:00","15:14:00","Irregular spotting in eggs/Dev not clear","",""
"2019-07-18","GP219F",7,51,"Emily","Min",58.43,40.3,25.51,2,"3S",1.815,1,"orange",44.63,31.09,53.87,0.0299,470,NA,NA,NA,"2020-03-02","2020-03-10","","","14:42:00","15:22:00","Irregular spotting in eggs/Dev not clear","","parasites"
"2019-07-18","GP219F",7,52,"Emily","Min",44.52,31.58,20.23,4,"3S",1.3479,2,"beige",43.27,26.66,47.23,0.029,431,NA,NA,NA,"2020-03-06","2020-03-11","","","10:33:00","13:12:00","Irregular spotting in eggs/Dev not clear","","parasites"
"2019-07-18","GP212F",8,78,"Emily & Murray","Min",64.18,43.02,29.11,2,"8",2.4029,1,"orange",37.61,28.05,37.2,0.0301,506,NA,NA,NA,"2020-03-12","2021-01-04","","","08:46:00","11:34:00","","",""
"2019-07-18","GP212F",8,106,"Emily","Min",54.62,39.31,24.64,3,"3",1.8992,1,"orange",45.46,32.09,53.88,0.0304,562,NA,NA,NA,"2020-03-13","2021-03-17","","","11:34:00","13:41:00","","",""
"2019-07-18","GP196F",9,35,"Emily & Murray","Min",75.49,51.97,32.89,4,"8",2.6243,2,"orange",36.47,19.72,35.48,0.03,443,NA,NA,NA,"2020-03-06","2020-12-16","","","09:24:00","13:06:00","","lots of loose eggs","parasites"
"2019-07-18","GP196F",9,123,"Emily & Murray","Min",57.85,39.91,26.46,2,"8",2.0126,1,"orange",39.23,26.58,39.9,0.0312,532,NA,NA,NA,"2020-03-06","2020-12-17","","","09:30:00","13:08:00","","",""
"2019-07-25","GP159F",1,368,"Murray","Min",53.73,36.92,25.06,2,"6",1.4436,1,"orange",45.51,32.62,52.39,0.0305,546,NA,NA,NA,"2021-03-08","2021-03-17","","","12:25:00","13:48:00","","",""
"2019-07-25","GP159F",1,369,"Murray","Min",57.69,41.47,26.88,3,"8",1.4099,2,"orange",38.52,27.31,39.31,0.0299,557,NA,NA,NA,"2021-03-08","2021-03-17","","","12:14:00","13:42:00","","missing 1 setae",""
"2019-07-25","GP184A3",5,327,"Emily & Murray","Min",59.14,41.47,26.76,2,"4",1.9343,1,"orange",48.38,30.34,53.7,0.0307,541,NA,NA,NA,"2020-03-12","2021-01-04","","","09:43:00","11:42:00","","missing 1 setae",""
"2019-07-25","GP184A3",5,328,"Emily & Murray","Min",61.06,42.35,26.44,3,"8",1.9408,2,"orange",39.06,26.67,37.82,0.0303,536,NA,NA,NA,"2020-03-02","2020-03-09","","","10:48:00","13:24:00","","",""
"2019-07-25","GP202A2",8,174,"Murray","Min",58.83,43.53,29.41,2,"4",1.8313,1,"orange",44.95,28.15,51.24,0.03,452,NA,NA,NA,"2021-03-09","2021-03-26","","","10:08:00","14:22:00","","",""
"2019-07-25","GP198A1",10,80,"Emily & Murray","Min",55.75,41.09,24.85,2,"4",1.6444,1,"orange",44.13,31.72,48.8,0.0308,477,NA,NA,NA,"2020-03-12","2021-01-04","","","09:15:00","11:40:00","","",""
"2019-07-25","GP198A1",10,81,"Murray","Min",59.33,43.48,27.77,4,"8B",2.5094,1,"orange",43.76,26.27,43.45,0.0307,486,NA,NA,NA,"2021-03-09","2021-03-17","","","09:30:00","14:05:00","Big patches of stain","",""
"2019-07-25","GP206F",11,340,"Emily & Murray","Min",63.74,47.46,29.73,2,"4",2.2598,2,"orange",43.71,32.58,46.17,0.0303,521,NA,NA,NA,"2020-03-06","2020-12-16","","","15:10:00","15:54:00","","",""
"2019-07-25","GP206F",11,383,"Emily & Murray","Min",52.88,36.79,22.75,3,"8",1.1951,2,"orange",36.12,25.7,31.87,0.0313,576,NA,NA,NA,"2020-03-12","2021-01-04","","","11:13:00","13:08:00","","missing 1/2 of a setae",""
"2019-07-25","GP233F",12,133,"Emily","Min",54.19,37.9,22.42,4,"8",2.3861,2,"orange",37.09,25.5,35.79,0.0309,461,NA,NA,NA,"2020-03-13","2021-03-15","","","11:38:00","13:37:00","","lots of loose eggs & piece of abdomen missing",""
"2019-07-25","GP233F",12,192,"Emily","Min",58.33,41.3,27.19,2,"6",1.8997,1,"orange",43.8,29.14,49.02,0.0303,517,NA,NA,NA,"2020-03-13","2021-03-12","","","09:46:00","13:15:00","","",""
"2019-07-26","GP220F",1,203,"Emily","Min",64.63,44.01,27.7,2,"7",2.2445,1,"orange",42.21,26.51,46.24,0.0305,512,NA,NA,NA,"2020-03-13","2021-03-15","","","11:26:00","13:35:00","","",""
"2019-07-26","GP220F",1,206,"Emily & Murray","Min",62.92,44.22,28.23,3,"8",2.2169,1,"orange",37.05,26.7,35.98,0.03,540,NA,NA,NA,"2020-03-12","2021-01-04","","","10:02:00","11:31:00","","","parasites"
"2019-07-26","GP226F",2,39,"Emily","Min",63.78,43.96,25.33,2,"4",1.8527,1,"beige",42.49,31.66,48.81,0.0304,534,NA,NA,NA,"2020-03-13","2021-03-12","","","09:41:00","13:10:00","","broken abdomen",""
"2019-07-26","GP240A2",5,96,"Emily & Murray","Min",59.03,41.14,26.28,2,"S",1.6838,1,"beige",46.29,31.44,51.79,0.0303,525,NA,NA,NA,"2020-03-13","2021-01-04","","","08:55:00","13:27:00","Irregular spotting in eggs/Dev not clear","",""
"2019-07-26","GP214F",7,95,"Murray","Min",55.67,39.46,27.55,2,"4",1.4979,1,"orange",44.04,30.69,51.77,0.0301,546,NA,NA,NA,"2021-03-19","2021-03-31","","","08:50:00","11:46:00","","missing setae",""
"2019-07-26","GP162F",12,57,"Murray & Katherine","Min",65.37,46.44,27.09,2,"6",2.2655,1,"orange",42.37,28.72,45.75,0.0279,494,NA,NA,NA,"2021-03-10","2021-03-26","","","10:14:00","13:03:00","","",""
"2019-07-26","GP174F",13,40,"Emily","Min",61.56,42.91,28.47,2,"7",2.1002,1,"orange",44.19,26.31,41.15,0.0298,550,NA,NA,NA,"2020-03-13","2021-03-15","","","09:36:00","13:24:00","","",""
"2019-07-27","GP170F",1,186,"Emily","Min",58.06,42.17,26.86,2,"4",1.7083,1,"beige",44.73,30.69,50.13,0.0299,550,NA,NA,NA,"2020-03-06","2020-03-12","","","11:29:00","13:21:00","","lots of loose eggs","oily"
"2019-07-27","GP154F",2,74,"Emily & Murray","Min",56.46,10.5,26.12,2,"NF",1.371,1,"orange",43.84,29.33,51.26,0.0302,503,NA,NA,NA,"2020-03-12","2021-01-04","","","11:18:00","13:10:00","Not fertilized","",""
"2019-07-27","GP133F",3,95,"Emily","Min",60.09,41.15,26.58,2,"6",1.8557,1,"orange",42.95,30.75,46.59,0.0299,569,NA,NA,NA,"2020-03-13","2021-03-12","","","09:50:00","13:06:00","","",""
"2019-07-27","GP141F",4,96,"Murray","Min",63.31,43.76,29.16,2,"8",2.5049,1,"orange",46.09,30.6,51.42,0.0295,536,NA,NA,NA,"2021-03-10","2021-03-26","","","09:54:00","12:56:00","","",""
"2019-07-27","GP123F",10,166,"Emily","Min",58.59,42.46,24.71,2,"5",1.5731,1,"orange",44.69,28.51,45.46,0.0324,579,NA,NA,NA,"2020-03-02","2020-03-09","","","13:24:00","14:30:00","","",""
"2019-07-27","GP147F",11,87,"Emily & Murray","Min",56.02,38.9,25.11,3,"9",1.4103,2,"orange",36.85,26.06,35.99,0.031,563,NA,NA,NA,"2020-03-12","2021-01-04","","","11:02:00","13:05:00","","",""
"2019-07-27","GP147F",11,88,"Murray","Min",52.93,36.94,23.98,2,"NF",1.3087,1,"orange",45.7,29.81,50.6,0.0303,543,NA,NA,NA,"2021-03-09","2021-03-26","","","10:18:00","14:26:00","Not fertilized","",""
"2019-07-27","GP149F",12,159,"Murray","Min",63.12,44.07,29.82,3,"8",2.1854,2,"orange",39.14,24.34,35.57,0.0307,560,NA,NA,NA,"2021-03-11","2021-03-30","","","11:24:00","14:31:00","","",""
"2019-07-27","GP149F",12,167,"Murray","Min",50.07,36.04,23.86,2,"NF",1.0501,1,"orange",45.95,32.45,52.95,0.0305,540,NA,NA,NA,"2021-03-10","2021-03-26","","","10:04:00","13:00:00","Not fertilized","",""
"2019-07-28","GP158F",1,119,"Emily & Murray","Min",59.45,43.62,29.52,4,"9",1.7212,2,"orange",35.02,24.69,31.45,0.0305,546,NA,NA,NA,"2020-03-12","2020-12-23","","","09:56:00","11:32:00","","",""
"2019-07-28","GP158F",1,120,"Murray","Min",45.09,32.46,21.57,2,"7",0.8792,1,"orange",44.8,27.77,52.17,0.03,546,NA,NA,NA,"2021-03-09","2021-03-25","","","09:38:00","14:09:00","","","oily"
"2019-07-28","GP176F",2,196,"Murray","Min",60.23,42.36,30.24,3,"3",3.2232,1,"beige",45.41,25.07,46.92,0.0295,421,NA,NA,NA,"2021-03-19","2021-04-01","","","11:33:00","13:09:00","","",""
"2019-07-28","GP176F",2,197,"Emily","Min",54.26,38.33,23.93,2,"6",1.5536,1,"orange",41.92,23.06,45.6,0.03,479,NA,NA,NA,"2020-03-13","2021-03-22","","","14:51:00","16:11:00","","",""
"2019-07-28","GP179F",3,225,"Murray","Min",54.64,39.4,27.27,3,"NF",2.4428,1,"orange",42.52,30.16,45.41,0.0279,438,NA,NA,NA,"2021-03-09","2021-03-26","","","11:32:00","15:00:00","Not fertilized","",""
"2019-07-28","GP179F",3,226,"Emily","Min",60.82,43.53,28.44,2,"8",2.0515,1,"orange",37.18,27.08,37.56,0.0302,502,NA,NA,NA,"2020-03-13","2021-03-12","","","09:57:00","13:22:00","","",""
"2019-07-28","GP163F",4,168,"Emily","Min",59.09,42.19,27.29,2,"4B",1.9099,1,"orange",43.97,31.3,50.88,0.0307,506,NA,NA,NA,"2020-03-13","2021-03-17","","","09:04:00","13:29:00","Big patches of stain","",""
"2019-07-28","GP163F",4,178,"Emily & Murray","Min",54.95,37.35,25.67,4,"9",2.3671,2,"orange",35.2,21.22,30.56,0.031,475,NA,NA,NA,"2020-03-06","2020-12-17","","","11:37:00","13:24:00","","","parasites"
"2019-07-28","GP150A2",7,47,"Emily","Min",55.62,39.04,25.01,2,"",1.5506,1,"orange",45.38,30.6,52.76,0.0308,483,NA,NA,NA,"2020-03-13","2021-03-17","","","08:59:00","13:29:00","Bouin's dried","",""
"2019-07-28","GP150A2",7,48,"Murray","Min",66.68,47.47,30.69,3,"NF",2.3222,2,"orange",41.96,24.08,42.44,0.0409,466,NA,NA,NA,"2021-03-19","2021-04-01","","","09:36:00","12:52:00","Not fertilized","missing setae & lots of loose eggs",""
"2019-07-28","GP127F",8,213,"Murray","Min",50.02,35.21,23.94,3,"9",0.9709,2,"orange",37.48,27.53,36.07,0.0304,564,NA,NA,NA,"2021-03-08","2021-03-17","","","12:34:00","13:54:00","","",""
"2019-07-28","GP127F",8,214,"Murray & Katherine","Min",50.22,36.26,24.34,2,"6",1.0851,1,"orange",44.47,29.73,51.76,0.0311,544,NA,NA,NA,"2021-03-11","2021-03-26","","","09:23:00","12:44:00","","",""
"2019-07-28","GP113F",10,119,"Emily","",63.46,44.48,28.86,2,"4",2.3105,1,"orange",46.47,31.76,51.75,0.0302,515,NA,NA,NA,"2020-03-13","2021-03-18","","","10:28:00","13:26:00","","",""
"2019-07-29","GP084A2",1,86,"Emily & Murray","Min",56.83,38.56,25.84,2,"",1.3881,1,"orange",45.48,28.57,51.57,0.0314,567,NA,NA,NA,"2020-03-12","2021-01-04","","","10:09:00","11:26:00","Bouin's Dried","lots of loose eggs",""
"2019-07-29","GP068F",3,292,"Murray","Min",53.59,37.46,25.85,2,"NF",1.4716,1,"orange",46.61,29.47,53.65,0.0298,488,NA,NA,NA,"2021-03-18","2021-03-31","","","13:36:00","15:17:00","Not fertilized","",""
"2019-07-29","GP061F",7,149,"Murray","Min",61.44,40.83,29,2,"4",1.8708,1,"orange",45.37,30.77,48.15,0.0302,530,NA,NA,NA,"2021-03-19","2021-04-01","","","09:47:00","12:56:00","","",""
"2019-07-29","GP076F",8,93,"Katherine","Min",58.43,42.77,27.54,2,"4",1.663,1,"orange",46.51,29.22,50.42,0.0334,597,NA,NA,NA,"2012-03-24","2021-03-31","","","08:50:00","11:22:00","","",""
"2019-07-29","GP076F",8,96,"Murray","Min",56.47,41.03,27.84,3,"9",1.3506,2,"orange",35.91,25.76,34.23,0.0305,601,NA,NA,NA,"2021-03-10","2021-03-26","","","09:43:00","12:53:00","","",""
"2019-07-29","GP080A1",10,104,"Katherine","Min",63.74,43.63,30.48,2,"NF",1.8808,1,"orange",43.42,31.08,50.49,0.031,528,NA,NA,NA,"2012-03-24","2021-04-01","","","10:36:00","14:17:00","Not fertilized","",""
"2019-07-29","GP088F",11,116,"Emily & Murray","Min",56.78,39.55,25.28,2,"4",1.4132,1,"orange",42.59,30.24,47.7,0.0297,488,NA,NA,NA,"2020-03-06","2020-12-17","","","14:18:00","15:35:00","","",""
"2019-07-30","GP106F",1,211,"Murray","Min",61.86,46.34,28.21,2,"4",2.1406,1,"orange",42.51,30.96,47.71,0.03,508,NA,NA,NA,"2021-03-08","2021-03-17","","","12:04:00","13:37:00","","",""
"2019-07-30","GP105A2",4,166,"Murray","Min",54.04,40.3,25.63,4,"8",1.7958,2,"orange",38.38,27.8,36.23,0.0301,542,NA,NA,NA,"2021-03-11","2021-03-26","","","09:57:00","12:57:00","","",""
"2019-07-30","GP105A2",4,167,"Murray","Min",61.06,44.45,27.97,2,"NFB",1.9241,1,"orange",44.13,30.06,49.16,0.0297,480,NA,NA,NA,"2021-03-11","2021-03-31","","","14:03:00","14:52:00","big patches of stain; Not fertilized; Big patches of stain","",""
"2019-07-30","GP124F",5,92,"Emily","Min",54.76,36.84,24.76,3,"8",1.2258,2,"orange",35.79,24.18,31.93,0.0303,529,NA,NA,NA,"2020-03-13","2021-03-22","","","14:46:00","15:38:00","","",""
"2019-07-30","GP124F",5,93,"Murray & Katherine","Min",62.08,45.36,29.36,2,"4",2.3571,1,"orange",46.62,28.51,49.58,0.0324,527,NA,NA,NA,"2021-03-10","2021-03-26","","","11:25:00","13:06:00","","",""
"2019-07-30","GP097F",6,172,"Murray","Min",62.78,42.92,28.24,2,"6",1.9702,1,"orange",44.91,29.52,49.47,0.0328,549,NA,NA,NA,"2021-03-11","2021-03-31","","","14:07:00","14:55:00","","eggs spilled but picked up",""
"2019-07-30","GP079F",7,60,"Murray","Min",61.61,45.4,32.47,4,"9",2.2435,2,"orange",35.95,19.08,28.44,0.0302,486,NA,NA,NA,"2021-03-10","2021-03-26","","","14:42:00","15:15:00","","","parasites"
"2019-07-30","GP079F",7,128,"Katherine","Min",51.37,36.79,25.45,2,"9",0.9715,1,"orange",34.9,21.13,24.68,0.0306,571,NA,NA,NA,"2012-03-24","2021-04-01","","","09:13:00","11:31:00","","missing setae",""
"2019-07-30","GP090F",8,40,"Emily","Min",58.17,41.93,27.26,3,"NF",2.8525,2,"orange",42.95,28.4,44.76,0.0305,461,NA,NA,NA,"2020-03-13","2021-03-22","","","14:20:00","15:50:00","Not fertilized","","parasites"
"2019-07-30","GP067A1",10,240,"Murray","Min",69,48.18,31.55,2,"4",2.7047,1,"orange",45.68,28.2,48.81,0.028,444,NA,NA,NA,"2021-03-11","2021-03-31","","","10:10:00","13:01:00","","",""
"2019-07-30","GP066F",11,152,"Murray & Katherine","Min",62.36,43.41,29.71,2,"NF",2.2606,2,"orange",41.11,27.8,42.92,0.0301,537,NA,NA,NA,"2021-03-10","2021-03-26","","","14:15:00","15:10:00","Not fertilized","","parasites"
"2019-07-30","GP066F",11,163,"Murray","Min",58.64,41.21,27.58,3,"9",1.6178,2,"orange",37.06,22.34,30.46,0.0324,576,NA,NA,NA,"2021-03-11","2021-03-31","","","11:35:00","14:32:00","","",""
"2019-07-30","GP050F",12,343,"Murray","Min",58.96,42.17,27.98,2,"4",1.8979,1,"orange",44.76,29.98,49.06,0.0297,505,NA,NA,NA,"2021-03-19","2021-03-29","","","12:09:00","13:12:00","","",""
"2019-07-30","GP050F",12,365,"Murray","Min",52.7,37.09,23.69,3,"3",0.981,1,"beige",46.17,26.08,48.64,0.0305,602,NA,NA,NA,"2021-03-09","2021-03-26","","","11:17:00","14:55:00","","","parasites"
"2019-07-30","GP048F",13,309,"Emily","Min",53.3,39.11,23.55,2,"NF",0.9607,1,"orange",40.27,31.77,41.55,0.0302,584,NA,NA,NA,"2020-03-13","2021-03-17","","","10:43:00","14:01:00","Not fertilized","",""
"2019-07-31","GP025F",3,42,"Murray & Katherine","Min",57.63,40.38,26.98,2,"NF",1.6461,1,"orange",45.66,28.54,49.94,0.0304,472,NA,NA,NA,"2021-03-11","2021-03-26","","","09:45:00","12:54:00","Not fertilized","","parasites"
"2019-07-31","GP024F",6,66,"Katherine","Min",53.17,38.56,25.04,2,"4",1.1194,1,"orange",42.84,32.26,46.95,0.0336,617,NA,NA,NA,"2012-03-24","2021-04-01","","","09:22:00","11:35:00","","",""
"2019-07-31","GP016F",7,56,"Emily","Min",54.82,39.13,25.18,2,"",1.3484,1,"orange",43.3,29.13,46.78,0.0306,570,NA,NA,NA,"2020-03-13","2021-03-18","","","13:57:00","15:43:00","Bouin's dried","",""
"2019-07-31","GP023F",8,130,"Murray","Min",66.06,46.47,32.4,2,"6",2.4895,1,"orange",43.9,26.66,45.5,0.0276,457,NA,NA,NA,"2021-03-10","2021-03-26","","","11:57:00","13:14:00","","",""
"2019-07-31","GP023F",8,156,"Murray","Min",57.07,39.43,26.85,3,"NF",2.032,1,"orange",45.03,27.4,47.34,0.031,537,NA,NA,NA,"2021-03-11","2021-03-31","","","11:52:00","14:39:00","Not fertilized","",""
"2019-07-31","GP019F",9,69,"Murray","Min",52.34,37.21,25.35,2,"NF",1.0745,1,"orange",42.47,27.23,42.32,0.0309,533,NA,NA,NA,"2021-03-10","2021-03-26","","","11:42:00","13:10:00","Not fertilized","eggs compressed together","oily & very hard to clean"
"2019-07-31","GP018F",10,142,"Murray","Min",61.7,43.17,28.96,2,"4",1.8646,1,"orange",42.26,31.69,46.24,0.035,610,NA,NA,NA,"2021-03-11","2021-03-30","","","11:45:00","14:35:00","","",""
"2019-07-31","GP028F",11,34,"Emily","Min",60.15,44.66,27.32,3,"8",2.0381,2,"orange",36.53,24.91,35.76,0.0307,530,NA,NA,NA,"2020-03-13","2021-01-04","","","15:08:00","16:13:00","","",""
"2019-07-31","GP032F",12,36,"Murray","Min",66.52,45.51,32.46,4,"NF",3.805,1,"orange",44.85,24.06,44.54,0.0296,462,NA,NA,NA,"2021-03-19","2021-04-01","","","11:10:00","13:04:00","Not fertilized","","parasites"
"2019-07-31","GP032F",12,37,"Murray & Katherine","Min",55.24,36.73,25.86,2,"3",2.1858,1,"orange",45.63,29.15,47.51,0.0305,532,NA,NA,NA,"2021-03-10","2021-03-26","","","14:52:00","15:24:00","","",""
"2019-08-01","GP040F",5,12,"Katherine","Min",68.03,45.6,30.45,3,"NF",3.6919,1,"orange",45.89,24.63,47.39,0.0313,531,NA,NA,NA,"2012-03-24","2021-04-01","","","10:25:00","14:12:00","Not fertilized","",""
"2019-08-01","GP022F",6,16,"Katherine","Min",64.21,43.73,31.13,4,"10",3.4987,2,"orange",36.9,18.35,31.58,0.0303,479,NA,NA,NA,"2012-03-24","2021-04-01","","","10:52:00","14:18:00","","",""
"2019-08-01","GP022F",6,18,"Emily","Min",59.13,40.6,26.3,2,"4",1.6673,1,"orange",44.76,27.17,49.37,0.0303,527,NA,NA,NA,"2020-03-13","2021-03-17","","","10:32:00","13:58:00","","",""
"2019-08-01","GP052F",9,77,"Katherine","Min",61.44,45.09,31.72,4,"9",3.0719,2,"orange",33.79,20.84,22.54,0.0312,536,NA,NA,NA,"2012-03-24","2021-04-01","","","09:04:00","11:26:00","","","parasites"
"2019-08-01","GP052F",9,78,"Murray","Min",48.31,32.01,22.24,2,"NF",0.9697,1,"orange",47.45,31.42,51.1,0.0304,542,NA,NA,NA,"2021-03-19","2021-03-31","","","09:05:00","11:51:00","Not fertilized","",""
"2019-08-01","GP051F",10,46,"Katherine","Min",61.65,43.42,30.74,3,"3",2.9149,1,"orange",45.83,28.57,49.09,0.0285,466,NA,NA,NA,"2012-03-24","2021-03-30","","","09:29:00","11:40:00","division cellulaire","","parasites"
"2019-08-01","GP051F",10,68,"Murray","Min",56.18,39.64,25.95,2,"6",1.4722,1,"orange",42.89,27.91,44.95,0.0315,537,NA,NA,NA,"2021-03-11","2021-03-26","","","09:34:00","12:50:00","","",""
"2019-08-01","GP041F",11,25,"Murray","Min",66.35,47.39,31.55,4,"8",3.56,2,"orange",36.91,21.81,32.38,0.0289,490,NA,NA,NA,"2021-03-19","2021-04-01","","","11:22:00","13:06:00","","","very dirty & only cleaned 3/4"
"2019-08-01","GP031F",12,1,"Murray","Min",55.54,40.87,26.24,4,"NF",1.9,1,"orange",44,23.15,41.63,0.0309,505,NA,NA,NA,"2021-03-18","2021-03-31","","","14:00:00","15:25:00","Not fertilized","","parasites"
"2019-08-02","GP039F",1,144,"Murray","Min",66.13,47.9,33.84,4,"13",1.1121,3,"orange",23.23,1.84,3.29,0.0298,924,NA,NA,NA,"2021-03-09","2021-03-26","","","09:56:00","14:15:00","","",""
"2019-08-02","GP045F",2,57,"Murray","Min",63.3,44.33,31.33,2,"4",1.9962,1,"orange",41.67,24.95,41.42,0.0295,500,NA,NA,NA,"2021-03-18","2021-03-31","","","13:46:00","15:22:00","","",""
"2019-08-02","GP045F",2,58,"Murray","Min",71.29,50.15,33.24,3,"8",3.0745,2,"orange",35.11,24.35,29.2,0.0306,504,NA,NA,NA,"2021-03-10","2021-03-26","","","14:28:00","15:12:00","","lots of loose eggs","parasites"
"2019-08-02","GP053F",3,127,"Murray","Min",58.25,40.85,28.39,4,"NF",2.6185,1,"beige",40.52,22.28,34.89,0.0283,451,NA,NA,NA,"2021-03-19","2021-03-31","","","09:20:00","12:48:00","Not fertilized","","parasites"
"2019-08-02","GP053F",3,132,"Murray","Min",62.99,46.15,31.09,2,"4",1.963,1,"orange",39.57,25.04,39.03,0.0278,472,NA,NA,NA,"2021-03-19","2021-04-01","","","10:58:00","12:58:00","","","parasites"
"2019-08-07","GP008F",2,41,"Emily & Murray","Min",67.02,46.58,30.02,2,"5",2.7451,1,"orange",42.97,27.79,48.59,0.0325,485,2.7191,0.0327,501,"2020-02-21","","","","09:51:00","11:02:00","","",""
"2019-08-07","GP006F",3,17,"Emily & Murray","Min",63.1,45.75,30.49,4,"NF",2.9754,1,"beige",41.54,20.76,39.04,0.03,467,NA,NA,NA,"2020-02-21","","","","10:32:00","13:02:00","Not fertilized","lots of loose eggs","parasites"
"2019-08-07","GP002F",4,79,"Emily & Murray","Min",63.94,45.14,26.64,2,"4",2.9144,1,"beige",44.38,25.28,46.83,0.0301,506,2.8841,0.0303,523,"2020-02-21","","","","09:28:00","10:53:00","","","dropped"
"2019-08-08","GP001F",1,77,"Emily","Min",66.29,48.19,29.02,2,"4",2.4529,1,"orange",46.93,23.13,50.47,0.0304,518,NA,NA,NA,"2020-02-21","2020-03-09","","","10:41:00","13:05:00","","",""
"2019-08-08","GP003F",2,7,"Emily & Murray","Min",76.54,54.97,34.6,2,"7",4.0506,1,"orange",41.99,26.68,45.52,0.0321,546,4.0092,0.0304,527,"2020-02-14","","","","14:57:00","15:38:00","","",""
"2019-08-08","GP004F",3,33,"Emily","Min",70.25,49.17,31.57,2,"4",3.3538,1,"orange",40.24,25.68,37.57,0.031,495,3.3139,0.0317,511,"2020-02-21","","","","11:41:00","13:11:00","","",""
"2019-08-08","GP005F",4,429,"Emily","Min",71.53,51.29,31.58,3,"9",3.3425,2,"orange",40.31,20.3,32.35,0.0375,673,3.2979,0.0314,561,"2020-02-14","","","","11:19:00","13:56:00","","",""
"2019-08-08","GP007F",5,18,"Emily","Min",64.2,47.73,29.43,4,"9",3.3693,2,"orange",34.71,23.48,30.68,0.03,469,3.3164,0.0306,489,"2020-02-21","","","","09:22:00","10:53:00","","lots of loose eggs","parasites"
"2019-08-08","GP011F",6,19,"Emily","",57.26,39.34,27.28,2,"6",1.5975,2,"orange",39.82,22.65,41.73,0.0394,503,NA,NA,NA,"2020-02-14","2020-03-03","","","11:04:00","13:46:00","","","parasites"
"2019-08-08","GP011F",6,20,"Emily","Min",74.38,54.64,33.53,4,"4",5.097,2,"orange",43.03,25.65,40.78,0.0314,505,NA,NA,NA,"2020-02-21","2021-04-04","","","11:35:00","13:10:00","","lots of loose",""
"2019-08-08","GP010F",7,43,"Emily & Murray","Min",61.46,43.27,27.44,4,"8",2.7715,2,"orange",37.45,23.96,33.97,0.0329,498,2.7595,0.0327,506,"2020-02-14","","","","15:03:00","15:40:00","","",""
"2019-08-08","GP010F",7,77,"Emily","Min",59.5,40.26,27.01,2,"6",1.64,1,"orange",42,25.25,44.74,0.0294,500,1.6241,0.0295,492,"2020-02-21","","","","10:15:00","12:56:00","","",""
"2019-08-08","GP012F",8,51,"Emily","",67.12,49.08,30.4,3,"9",2.9198,2,"orange",35.47,19.08,26.88,0.0308,508,NA,NA,NA,"2020-02-14","2020-02-28","","","10:16:00","11:26:00","","lots of loose eggs",""
"2019-08-08","GP012F",8,55,"Emily","Min",66.54,45.93,30.31,2,"4",2.7575,1,"orange",43.9,26.33,46.72,0.03,466,2.7228,0.0291,473,"2020-02-21","","","","11:54:00","13:14:00","","lots of loose eggs","oily"
"2019-08-08","GP013F",9,16,"Emily","Min",70.74,49.06,32.36,4,"8",4.4145,2,"orange",36.59,22.16,28.77,0.0288,465,4.3533,0.0321,543,"2020-02-14","","","","15:17:00","16:02:00","","lots of loose eggs","parasites"
"2019-08-08","GP013F",9,34,"Emily","Min",62.21,44.23,28.64,2,"7",2.0783,1,"orange",40.33,24.72,41.05,0.0312,495,NA,NA,NA,"2020-02-14","","","","11:12:00","13:50:00","","",""
"2019-08-09","GP015F",1,18,"Emily & Murray","Min",74.39,50.51,35.33,4,"5",5.7071,1,"orange",49.55,21.08,43.28,0.0314,460,5.6458,0.0311,481,"2020-02-14","","","","15:10:00","15:42:00","","lots of loose eggs","oily & very dirty"
"2019-08-09","GP015F",1,26,"Emily & Murray","",62.42,44.05,28.16,2,"6",2.4033,1,"orange",43.56,25.49,44.65,0.0351,562,NA,NA,NA,"2020-02-14","","","","13:55:00","15:27:00","","","oily"
"2019-08-09","GP017F",2,37,"Emily","Min",58.67,43,26.52,2,"6",1.5628,2,"orange",39.84,24.05,40.93,0.0293,492,1.5472,0.0296,505,"2020-02-14","","","","14:02:00","15:27:00","","",""
"2019-08-09","GP017F",2,38,"Emily & Murray","",63.19,45.51,29.95,4,"5",3.2988,2,"orange",41.46,25,38.52,0.0298,493,NA,NA,NA,"2020-02-06","2020-03-03","","","15:03:00","15:40:00","","","parasites"
"2019-08-09","GP014A1",4,15,"Emily & Murray","Min",57.16,40.78,26.7,4,"9",1.7897,2,"orange",34.9,19.46,26.84,0.0324,643,1.7695,0.0309,645,"2020-02-14","","","","15:24:00","16:05:00","","lots of loose eggs & 1/2 of 1 pleopod missing","parasites"
"2019-08-09","GP020F",5,15,"Emily & Murray","",63.78,44.24,26.91,4,"8F",2.3547,1,"orange",43.27,24.29,43.78,0.0312,547,NA,NA,NA,"2020-02-06","2020-02-18","07:43:00","08:05:00","09:43:00","10:57:00","Fertilized but development not clear","","parasites"
"2019-08-09","GP021F",6,10,"Emily & Murray","Min",66.17,47.29,31.14,3,"4",3.8951,1,"orange",43.91,29.36,43.62,0.0315,523,3.8698,0.032,544,"2020-02-21","","","","11:48:00","13:13:00","","","parasites"
"2019-08-09","GP037F",7,54,"Emily & Murray","Min",63.27,43.23,27.39,3,"8",2.1626,2,"orange",36.14,26.32,29.57,0.031,520,2.1483,0.0308,529,"2020-02-21","","","","09:42:00","10:59:00","","lots of loose eggs",""
"2019-08-09","GP037F",7,69,"Emily & Murray","Min",66.64,47.32,29.36,2,"5",2.8225,1,"orange",45.78,30.27,50.73,0.0314,538,2.7858,0.031,538,"2020-02-14","","","","14:26:00","15:32:00","","",""
"2019-08-09","GP055F",8,5,"Emily & Murray","",58.82,41.06,26.78,4,"F",1.7171,2,"",NA,NA,NA,0.0312,483,NA,NA,NA,"2020-02-14","2020-02-25","13:39:00","13:57:00","09:58:00","11:23:00","Fertilized but development not clear","","parasites"
"2019-08-10","GP071F",3,93,"Emily","",55.3,38.92,25.15,2,"4",1.6672,2,"orange",40.68,23.81,37.27,0.0338,551,NA,NA,NA,"2020-02-06","2020-02-18","11:11:00","11:27:00","11:54:00","15:16:00","","missing setae","parasites"
"2019-08-10","GP029F",4,64,"Emily","",51.31,35.34,23.33,2,"4",1.1594,1,"orange",43.46,29.28,47.21,0.0311,551,NA,NA,NA,"2020-02-06","2020-02-18","10:55:00","11:09:00","09:56:00","11:01:00","","",""
"2019-08-10","GP058F",5,59,"Emily & Murray","",68.02,48.47,30.12,4,"6",4.3234,2,"orange",39.09,21.79,35.42,0.03,527,NA,NA,NA,"2020-02-14","2020-02-25","10:08:00","10:25:00","08:40:00","10:17:00","","lots of loose eggs","very dirty"
"2019-08-10","GP073F",8,7,"Murray","",77,54.69,34.29,4,"6",5.0082,2,"orange",42.12,26.64,42.23,0.0277,491,NA,NA,NA,"2020-02-06","2020-02-25","11:15:00","11:31:00","14:34:00","15:28:00","","",""
"2019-08-10","GP065F",9,5,"Emily","",57.71,41.92,26.56,3,"9",1.42,2,"orange",33.75,19.6,27.05,0.0331,593,NA,NA,NA,"2020-02-06","2020-02-18","10:27:00","10:38:00","10:12:00","11:03:00","","",""
"2019-08-11","GP033F",1,155,"Emily & Murray","",54.45,36.32,24.77,2,"5",1.2435,1,"orange",44.37,25.3,47.7,0.0292,576,NA,NA,NA,"2020-02-14","2020-02-25","09:42:00","09:59:00","09:12:00","10:23:00","","",""
"2019-08-11","GP038A1",4,230,"Emily & Murray","",65.68,46.75,27.14,2,"6",2.1311,1,"beige",44.58,28.22,48.35,0.0274,503,NA,NA,NA,"2020-02-14","2020-02-25","13:16:00","13:31:00","09:51:00","11:22:00","","",""
"2019-08-11","GP056F",5,17,"Emily & Murray","",73.06,49.93,32.65,3,"7",4.7214,2,"",NA,NA,NA,0.0313,588,NA,NA,NA,"2020-02-06","2020-03-03","","","14:22:00","15:26:00","","","parasites"
"2019-08-12","GP064F",3,37,"Murray","",61.59,45.07,28.75,3,"NF",2.7111,2,"orange",41.67,24.37,37.9,0.0304,578,NA,NA,NA,"2020-02-06","2020-02-25","11:41:00","11:58:00","14:47:00","15:30:00","Not fertilized","missing setae ","parasites"
"2019-08-14","GP086F",6,38,"Emily","",62.4,41.91,25.32,3,"8",2.4913,2,"orange",41.61,26.82,39.34,0.0317,573,NA,NA,NA,"2020-01-30","2020-02-11","09:00:00","09:16:00","14:36:00","15:13:00","","",""
"2019-08-14","GP089F",7,29,"Emily","",69.91,50.4,32.49,3,"8",3.0136,2,"orange",42.93,28.8,42.65,0.0297,508,2.9746,0.0294,506,"2020-02-21","","","","11:27:00","13:09:00","","",""
"2019-08-14","GP089F",7,30,"Emily","Min",54.31,37.6,24.1,2,"7",1.5808,1,"orange",42.96,25.15,39.68,0.0332,592,1.5658,0.0304,535,"2020-02-21","","","","10:21:00","13:00:00","","",""
"2019-08-15","GP138F",1,37,"Emily","",54.44,37.82,24,4,"8",1.845,2,"orange",38.5,24.6,34.94,0.0268,518,NA,NA,NA,"2020-02-06","2020-02-13","14:06:00","14:24:00","09:50:00","10:58:00","","","parasites"
"2019-08-15","GP165F",6,3,"Emily & Murray","Weighed before counting",NA,42.11,25.72,2,"",2.0103,1,"orange",43.76,29.19,42.11,0.0349,528,NA,NA,NA,"2020-01-30","2020-02-17","11:05:00","11:28:00","11:12:00","13:11:00","Bouin's Dried","",""
"2019-08-15","GP152F",7,54,"Emily","",57.9,42.08,26.46,2,"6",2.0427,1,"orange",43.48,32.52,46.16,0.035,550,NA,NA,NA,"2020-02-06","2020-02-17","13:09:00","13:26:00","09:16:00","10:53:00","","",""
"2019-08-15","GP152F",7,55,"Emily","",60.6,41.07,26.55,3,"4",2.25,1,"orange",42.81,30.08,47.92,0.0329,530,NA,NA,NA,"2020-01-30","2020-02-13","13:43:00","14:04:00","15:02:00","15:55:00","","","oily"
"2019-08-15","GP153F",8,26,"Emily","",60.93,42.64,27.25,4,"9",2.4431,2,"orange",35.83,26.1,33.39,0.0328,524,NA,NA,NA,"2020-02-06","2020-02-13","14:51:00","15:03:00","09:10:00","10:51:00","","","lost some residue/pleopod "
"2019-08-15","GP169F",9,65,"Emily","",61.63,44.17,27.91,2,"4",1.8884,1,"orange",42.52,31.45,47.75,0.034,546,NA,NA,NA,"2020-01-30","2020-02-17","11:36:00","11:53:00","13:59:00","15:08:00","","",""
"2019-08-15","GP180F",10,53,"Emily","",61.64,40.84,28.53,3,"4",3.3314,2,"orange",45.28,29.55,44.9,0.0308,500,NA,NA,NA,"2020-01-30","2020-02-17","13:30:00","13:47:00","13:53:00","15:06:00","","",""
"2019-08-15","GP180F",10,54,"Emily & Murray","",59.42,40.56,27.03,2,"6",1.8234,1,"orange",41.51,31.34,42.79,0.0364,583,NA,NA,NA,"2020-01-30","2020-02-17","14:31:00","14:55:00","14:13:00","15:11:00","","",""
"2019-08-16","GP221A3",4,178,"Emily","Min",63.92,47.9,28.08,2,"4",2.3717,1,"orange",45.19,28.34,51.44,0.0317,511,2.3492,0.0324,531,"2020-02-21","","","","09:34:00","10:58:00","","","oily"
"2019-08-16","GP221A3",4,187,"Emily & Murray","",63.88,45.8,29.83,3,"9",2.3178,2,"orange",41.32,24.81,33.92,0.0314,513,NA,NA,NA,"2020-02-06","2020-02-18","08:46:00","09:02:00","11:37:00","15:10:00","","","very dirty & salt grains"
"2019-08-22","GP191A1",2,145,"Emily","",59.29,42.44,27.65,4,"9",2.8981,2,"orange",37.65,24.22,31.08,0.0321,569,NA,NA,NA,"2020-02-14","","","","14:19:00","15:29:00","","lots of loose eggs",""
"2019-08-22","GP177F",3,116,"Emily & Murray","",63.02,48.01,31.42,4,"10",2.2517,2,"orange",35.73,21.09,29.92,0.0352,627,NA,NA,NA,"2020-02-06","2020-02-18","08:14:00","08:33:00","10:07:00","11:03:00","","lots of loose eggs","very dirty & membranes & parasites"
"2019-08-22","GP177F",3,414,"Emily","",56.11,38.52,25.46,2,"11",1.3703,2,"orange",36.55,25.84,32.65,0.0297,605,NA,NA,NA,"2020-01-30","2020-02-11","10:10:00","10:24:00","09:32:00","11:31:00","","",""
"2019-08-22","GP164F",4,277,"Emily & Murray","",62.84,42.5,27.76,2,"6",1.9335,2,"orange",42.43,31.48,49.04,0.0307,554,NA,NA,NA,"2020-02-14","2020-02-25","14:07:00","14:26:00","10:50:00","13:27:00","","","oily & membranes"
"2019-08-22","GP151F",5,123,"Murray","Weighed before counting",63.24,42.62,29.09,2,"5",2.1719,1,"orange",46.04,30.07,52.57,0.0376,571,NA,NA,NA,"2020-01-20","2020-01-31","13:36:00","14:03:00","10:43:00","12:51:00","","",""
"2019-08-23","GP126F",1,228,"Emily","",56.18,41.06,25.38,3,"8",1.5193,2,"orange",34.53,25.28,30.84,0.0379,647,NA,NA,NA,"2020-02-06","2020-02-18","11:28:00","11:41:00","11:46:00","15:12:00","","lots of loose eggs","parasites"
"2019-08-23","GP126F",1,229,"Emily","",60.03,39.46,23.37,2,"NF",1.9199,2,"orange",45.84,29.83,51.26,0.0305,520,NA,NA,NA,"2020-01-30","2020-02-11","09:35:00","09:55:00","08:52:00","10:02:00","Not fertilized","","oily"
"2019-08-23","GP114F",2,266,"Emily & Murray","",56.48,38.62,25.1,2,"4",1.5522,2,"orange",43.55,30.42,47.36,0.0293,515,NA,NA,NA,"2020-01-30","2020-02-17","13:53:00","14:20:00","14:08:00","15:09:00","","",""
"2019-08-23","GP114F",2,281,"Emily","",58.85,40.85,27.61,3,"9",1.8077,2,"orange",36.69,24.53,30.86,0.0334,593,NA,NA,NA,"2020-01-30","2020-02-11","10:25:00","10:40:00","11:07:00","13:10:00","","","salt grains"
"2019-08-23","GP075F",3,79,"Emily","Min",72.71,51.16,32.09,3,"5",4.4466,2,"orange",42.48,26.42,45.08,0.03,523,NA,NA,NA,"2020-02-21","2020-03-10","","","10:52:00","13:07:00","","","parasites"
"2019-08-23","GP075F",3,81,"Emily","",61.83,44.11,29.53,2,"8",1.9103,2,"orange",38.41,24.78,34.41,0.0319,579,NA,NA,NA,"2020-02-14","2020-03-03","","","08:50:00","10:18:00","","lots of loose eggs",""
"2019-08-23","GP101F",4,571,"Emily","",61.03,44.99,27.49,3,"9",2.1085,2,"orange",37.58,25.19,31.83,0.0345,616,NA,NA,NA,"2020-01-20","2020-02-03","13:08:00","13:24:00","13:49:00","15:06:00","","lots of loose eggs","salt grains"
"2019-08-23","GP101F",4,572,"Emily & Murray","",61.92,42.74,29.93,2,"4",2.1042,1,"orange",45.62,28.43,49.46,0.0301,547,NA,NA,NA,"2020-02-14","2020-02-25","08:30:00","08:55:00","09:08:00","10:21:00","","","salt grains"
"2019-08-23","GP082F",5,149,"Emily & Murray","Weighed before counting",56.69,41.55,23.88,4,"8",1.3228,2,"beige",35.57,19.97,31.95,0.0339,598,NA,NA,NA,"2020-01-30","2020-02-10","13:44:00","14:10:00","08:34:00","09:56:00","","","very dirty & membranes"
"2019-08-23","GP082F",5,151,"Emily","",53.34,37.88,24.25,2,"8",1.4519,2,"orange",39.57,25.84,39.86,0.0305,512,NA,NA,NA,"2020-02-14","2020-03-03","","","10:58:00","13:32:00","","missing 1 setae",""
"2019-08-23","GP060F",6,32,"Emily","",67.07,46,32.17,2,"4",2.9145,2,"orange",43.55,26.55,45.11,0.0313,546,NA,NA,NA,"2020-01-30","2020-02-13","14:27:00","14:47:00","14:58:00","15:54:00","","",""
"2019-08-23","GP062F",7,55,"Emily & Murray","Weighed before counting",59.33,40.64,24.84,2,"4",1.9488,2,"orange",44.07,25.81,45.93,0.0286,518,NA,NA,NA,"2020-01-17","2020-01-31","10:09:00","10:40:00","14:02:00","15:04:00","","",""
"2019-08-23","GP087F",10,66,"Emily & Murray","Weighed before counting",62.77,43.49,26.2,2,"6",2.2399,1,"beige",44.23,28.62,47.24,0.0285,491,NA,NA,NA,"2020-01-30","2020-02-17","10:02:00","10:23:00","08:46:00","10:01:00","","",""
"2019-08-23","GP087F",10,67,"Emily & Murray","",61.93,42.29,26.25,4,"NF",0.6078,2,"beige",40.42,20.1,39.97,0.03,498,NA,NA,NA,"2020-02-06","2020-03-03","","","14:09:00","15:22:00","Not fertilized","lots of loose eggs & 1/3 eggs missing","parasites"
"2019-08-23","GP100F",11,76,"Murray","Weighed before counting",62,42.89,27.83,2,"4",2.0698,2,"orange",43.17,29.87,49.55,0.0332,575,NA,NA,NA,"2020-01-20","2020-01-31","07:58:00","08:23:00","11:46:00","13:03:00","","",""
"2019-08-23","GP100F",11,77,"Emily & Murray","Weighed before counting",63.86,47.03,27.67,4,"NF",1.9991,2,"beige",40.64,30.25,44.82,0.0324,564,NA,NA,NA,"2020-01-30","2020-02-17","13:19:00","13:41:00","13:43:00","15:03:00","Not fertilized","","salt grains & parasites"
"2019-08-24","GP118F",1,130,"Emily & Murray","Weighed before counting",60.92,41.97,27.58,2,"",2.2598,2,"orange",46.75,31.91,52.18,0.0305,533,NA,NA,NA,"2020-01-30","2020-02-10","14:18:00","14:47:00","08:40:00","09:59:00","Bouin's Dried","",""
"2019-08-24","GP118F",1,131,"Emily","",56.12,40.07,24.94,3,"11",1.669,2,"orange",36.46,27.09,30.62,0.0325,578,NA,NA,NA,"2020-01-30","2020-02-11","09:57:00","10:09:00","08:58:00","10:05:00","","","salt grains"
"2019-08-24","GP157F",3,39,"Emily","",54.54,38.26,22.63,2,"4",1.47,1,"beige",45.62,30.74,52.08,0.0284,535,NA,NA,NA,"2020-01-30","2020-02-11","08:34:00","08:56:00","09:47:00","11:33:00","","","oily"
"2019-08-24","GP172F",4,123,"Emily & Murray","",59.68,41.94,26.77,3,"9",1.7004,2,"orange",36.76,26.18,28.82,0.0329,587,NA,NA,NA,"2020-02-14","2020-02-25","09:13:00","09:32:00","08:59:00","10:20:00","","","salt grains"
"2019-08-24","GP172F",4,124,"Emily & Murray","Min",58.23,40.63,25.82,2,"4",1.6176,1,"orange",43.11,30.63,49.48,0.0335,567,1.6019,0.0311,528,"2020-02-14","","","","14:11:00","15:29:00","","",""
"2019-08-24","GP183F",5,91,"Emily & Murray","",56.29,38.65,25.23,4,"11",2.1847,2,"orange",35.54,23.32,28.04,0.0349,527,NA,NA,NA,"2020-01-20","2020-01-29","08:23:00","08:46:00","11:18:00","12:59:00","","lots of loose eggs",""
"2019-08-24","GP183F",5,92,"Emily","",61.89,44.53,27.66,2,"4",1.5507,2,"beige",45.09,32.68,50.3,0.0285,501,NA,NA,NA,"2020-02-06","2020-02-18","10:39:00","10:52:00","11:30:00","15:09:00","","",""
"2019-08-25","GP201A2",3,39,"Emily & Murray","Weighed before counting",44.12,30.48,19.39,2,"",0.7224,2,"orange",44.22,32.17,49.2,0.032,542,NA,NA,NA,"2020-01-17","2020-01-31","09:20:00","09:52:00","11:37:00","13:19:00","Bouin's Dried","",""
"2019-08-25","GP217F",5,37,"Emily","",52.12,37.73,20.59,2,"",1.0904,2,"orange",41.81,32.36,46.32,0.0294,512,NA,NA,NA,"2020-01-17","2020-02-03","14:03:00","14:25:00","14:55:00","15:39:00","Bouin's Dried","","oily"
"2019-08-25","GP218F",6,33,"Emily","",69.3,47.55,31.58,4,"9",3.3006,2,"orange",40.06,23.04,30.26,0.036,563,NA,NA,NA,"2020-02-06","2020-02-13","13:18:00","13:31:00","08:52:00","10:46:00","","lots of loose eggs","very dirty & membranes & parasites"
"2019-08-25","GP218F",6,51,"Emily","",49.81,34.61,21,2,"NF",1.07,2,"orange",44.49,33.17,48.17,0.0266,540,NA,NA,NA,"2020-01-17","2020-02-03","15:06:00","15:24:00","11:50:00","13:15:00","Not fertilized","",""
"2019-08-25","GP236F",7,26,"Emily & Murray","Weighed before counting",76.48,55.69,35.04,4,"S",4.9132,2,"orange",46.59,27.87,49.33,0.0385,589,NA,NA,NA,"2020-01-17","2020-01-31","08:42:00","09:05:00","14:19:00","15:07:00","Irregular spotting in eggs/Dev not clear","","salt grains"
"2019-08-25","GP236F",7,43,"Emily & Murray","Weighed before counting",50.98,36.76,21.4,2,"S",1.0803,2,"orange",65.13,8.57,12.43,0.0353,616,NA,NA,NA,"2020-01-30","2020-02-17","07:49:00","08:32:00","09:38:00","11:32:00","Irregular spotting in eggs/Dev not clear","",""
"2019-08-25","GP209F",8,63,"Emily & Murray","Weighed before counting",62.07,42.84,27.87,4,"6",2.6494,2,"orange",47.09,27.62,49.36,0.0345,556,NA,NA,NA,"2020-01-30","2020-02-17","10:34:00","10:55:00","10:57:00","13:09:00","","missing pleopod",""
"2019-08-25","GP209F",8,67,"Emily","",55.62,39.74,23.43,2,"4",1.3005,2,"beige",43.71,29.99,49.04,0.0325,598,NA,NA,NA,"2020-01-30","2020-02-11","10:44:00","10:58:00","09:52:00","11:37:00","","",""
"2019-08-25","GP204F",9,41,"Emily","",55.47,38.7,25.07,3,"11",1.358,2,"orange",36.22,25.13,24.28,0.0305,566,NA,NA,NA,"2020-01-17","2020-01-29","11:09:00","11:21:00","14:29:00","15:17:00","","lots of loose eggs",""
"2019-08-25","GP204F",9,43,"Emily & Murray","Weighed before counting",61.95,32.6,21.29,2,"4",0.9886,1,"orange",45.24,32.19,45.72,0.0302,548,NA,NA,NA,"2020-01-20","2020-02-10","10:23:00","10:52:00","13:42:00","15:03:00","","",""
"2019-08-25","GP193F",10,55,"Emily","",49.42,35.57,20.16,2,"4",0.578,2,"beige",41.51,31.73,46,0.0272,522,NA,NA,NA,"2020-01-30","2020-02-17","13:48:00","14:08:00","14:52:00","15:50:00","","",""
"2019-08-25","GP178F",11,102,"Emily & Murray","",48.59,35.1,22.51,3,"4",1.5831,2,"orange",46.24,30.56,50.29,0.0307,488,NA,NA,NA,"2020-02-06","2020-04-01","","","12:00:00","15:20:00","","missing setae","dropped"
"2019-08-25","GP178F",11,104,"Emily & Murray","",57.35,40.23,25.68,2,"5",1.8145,2,"orange",43.71,31.92,47.78,0.0335,553,NA,NA,NA,"2020-02-14","2020-02-25","10:35:00","10:57:00","09:45:00","11:21:00","","",""
"2019-08-25","GP168F",12,79,"Emily","",49.82,35.64,22.2,4,"9",1.7705,2,"orange",34.84,23.84,29.9,0.0297,477,NA,NA,NA,"2020-02-14","2020-02-28","","","10:08:00","11:26:00","","lots of loose eggs","parasites"
"2019-08-25","GP168F",12,95,"Emily & Murray","",63.02,41.96,27.49,2,"5",2.4809,2,"orange",43.98,31.91,44.66,0.0313,538,NA,NA,NA,"2020-02-06","2020-02-17","15:03:00","15:23:00","09:00:00","10:48:00","","","oily & parasites"
"2019-08-26","GP171F",1,34,"Emily","",57.66,39.01,22.6,4,"4",2.2978,2,"orange",45.09,31.69,47.03,0.0361,535,NA,NA,NA,"2020-01-30","2020-02-17","14:10:00","14:26:00","14:45:00","15:48:00","","",""
"2019-08-26","GP173F",2,41,"Emily","",61.73,44.65,27.5,4,"8",2.6506,2,"orange",38.79,26.11,33.75,0.0382,609,NA,NA,NA,"2020-01-17","2020-01-29","11:23:00","11:36:00","14:09:00","15:07:00","","","very dirty"
"2019-08-26","GP155F",3,45,"Emily & Murray","Weighed before counting",63.76,44.68,27.06,2,"4",2.3883,1,"orange",43.4,32.17,46.85,0.0337,545,NA,NA,NA,"2020-01-30","2020-02-17","11:40:00","11:58:00","11:30:00","13:17:00","","",""
"2019-08-26","GP145A2",6,51,"Emily","",58.22,42.24,27.32,4,"4",2.3795,2,"orange",43.97,29.65,46.59,0.0342,577,NA,NA,NA,"2020-01-30","2020-02-11","09:18:00","09:33:00","11:25:00","13:12:00","","missing setae & loose eggs",""
"2019-08-26","GP137F",7,161,"Emily & Murray","Weighed before counting",50.02,34.58,22.03,2,"4",1.0838,1,"orange",47.17,30.12,54.11,0.0349,580,NA,NA,NA,"2020-01-30","2020-02-10","15:00:00","15:36:00","09:22:00","11:28:00","","",""
"2019-08-26","GP131F",8,112,"Emily & Murray","Weighed before counting",56.52,39.2,25.09,4,"6",1.8435,2,"beige",44.8,28.37,42.54,0.0342,543,NA,NA,NA,"2020-01-20","2020-01-31","14:49:00","15:14:00","14:44:00","15:29:00","","",""
"2019-08-26","GP135F",9,86,"Emily & Murray","Weighed before counting",48.31,33.57,21.21,2,"",1.0403,1,"orange",44.73,30.96,47,0.0333,564,NA,NA,NA,"2020-01-20","2020-02-03","08:12:00","08:39:00","14:51:00","15:29:00","only 3 eggs in sample & dev not clear","",""
"2019-08-26","GP135F",9,87,"Emily & Murray","",55.46,38.41,24.39,3,"4",2.4611,2,"orange",43.07,33.06,46.27,0.0362,579,NA,NA,NA,"2020-02-06","2020-02-17","15:31:00","15:51:00","08:40:00","10:45:00","","","parasites"
"2019-08-26","GP144F",11,119,"Emily & Murray","Weighed before counting",54.17,44.85,22.85,2,"4",1.3957,2,"orange",44.98,30.16,49.34,0.0321,531,NA,NA,NA,"2020-01-20","2020-02-10","09:50:00","10:18:00","13:53:00","15:06:00","","","oily"
"2019-08-26","GP144F",11,121,"Emily","",58.86,41.07,26.77,3,"",1.7893,2,"orange",44.96,29.18,46.58,0.0283,517,NA,NA,NA,"2020-01-17","2020-02-03","11:25:00","11:41:00","14:49:00","15:35:00","Bouin's Dried","",""
"2019-08-26","GP111F",13,295,"Emily & Murray","",55.2,40.53,26.02,3,"",1.5865,2,"orange",35.89,26.98,30.16,0.0345,605,NA,NA,NA,"2020-01-20","2020-02-03","13:48:00","14:01:00","11:33:00","13:00:00","Bouin's Dried","","salt grains"
"2019-08-26","GP110F",14,52,"Emily","",52.03,36.89,24.68,4,"4",2.2285,2,"orange",44.5,27.95,46.78,0.0334,518,NA,NA,NA,"2020-01-17","2020-02-03","11:12:00","11:24:00","13:56:00","15:02:00","","",""
"2019-08-27","GP095F",1,88,"Emily","",58.22,40.09,25.51,3,"",1.708,2,"orange",44.52,30.21,49.85,0.0307,506,NA,NA,NA,"2020-01-17","2020-01-29","10:49:00","11:07:00","11:15:00","13:10:00","Bouin's Dried","","oily"
"2019-08-27","GP095F",1,89,"Emily","",59.3,40.4,25.88,2,"4",1.7004,2,"orange",43.4,33.01,47.82,0.031,529,NA,NA,NA,"2020-01-17","2020-02-03","14:28:00","14:45:00","11:10:00","13:15:00","","","oily"
"2019-08-27","GP063F",2,39,"Emily & Murray","Weighed before counting",49.22,34.09,21.57,3,"",1.0439,2,"orange",36.08,23.37,28.97,0.0303,561,NA,NA,NA,"2020-01-20","2020-02-10","13:01:00","13:30:00","14:58:00","15:40:00","Bouin's Dried","",""
"2019-08-27","GP063F",2,55,"Emily & Murray","Weighed before counting",62.43,41.26,27.37,2,"",2.0676,2,"orange",42.42,29.39,44.53,0.0343,597,NA,NA,NA,"2020-01-20","2020-02-10","11:03:00","11:37:00","15:04:00","15:40:00","Bouin's Dried","",""
"2019-08-27","GP070A1",4,124,"Emily","",51.94,36.77,23.54,4,"",1.9066,2,"orange",43.35,29.12,44.25,0.0334,549,NA,NA,NA,"2020-01-17","2020-02-03","14:45:00","15:04:00","11:03:00","13:12:00","Bouin's Dried","",""
"2019-08-27","GP070A1",4,139,"Emily","",52.82,35.86,23.37,2,"NF",1.168,2,"orange",42.78,30.24,48.45,0.03,523,NA,NA,NA,"2020-01-20","","13:25:00","13:41:00","14:00:00","15:09:00","Not fertilized","",""
"2019-08-27","GP093A2",7,68,"Murray","less clean & Weighed before counting",57.99,37.78,25.19,4,"9",1.6744,2,"orange",36.08,17.88,20.54,0.029,532,NA,NA,NA,"2019-12-20","","14:28:00","14:50:00","14:51:00","15:22:00","","missing pleopod","dropped"
"2019-08-27","GP093A2",7,69,"Emily","",62.12,44.22,28.46,2,"",1.9516,2,"orange",44,29.71,45.09,0.0321,523,NA,NA,NA,"2020-01-17","2020-02-03","10:56:00","11:10:00","10:45:00","13:07:00","Bouin's Dried","",""
"2019-08-27","GP102F",10,93,"Emily & Murray","Weighed before counting",64.8,48.92,29.3,4,"NF",3.7086,2,"orange",43.38,25.32,43.81,0.0361,566,NA,NA,NA,"2020-01-17","2020-01-31","11:10:00","11:37:00","11:43:00","13:19:00","Not fertilized","","very dirty"
"2019-08-27","GP102F",10,94,"Emily","",59,41.13,26.89,2,"",1.5511,2,"orange",43.77,29,49.34,0.0292,498,NA,NA,NA,"2020-01-17","2020-01-27","13:05:00","13:23:00","10:56:00","13:10:00","Bouin's Dried","",""
"2019-08-27","GP119F",11,94,"Murray","less clean & Weighed before counting",57.14,39.58,27.02,2,"",1.5598,2,"orange",43.19,28.54,46.49,0.032,577,NA,NA,NA,"2019-12-20","","13:42:00","14:10:00","14:03:00","15:10:00","no sample taken","",""
"2019-08-27","GP119F",11,94,"Murray","less clean & Weighed before counting",57.14,39.58,27.02,2,"",1.5386,2,"orange",43.19,28.54,46.49,0.0297,535,NA,NA,NA,"2019-12-20","","10:34:00","11:04:00","14:03:00","15:10:00","","",""
"2019-08-28","GP132F",3,192,"Emily & Murray","Weighed before counting",60.46,42.54,23.86,3,"",1.9856,2,"orange",36.67,26.23,32.29,0.0329,567,NA,NA,NA,"2020-01-17","2020-01-31","14:12:00","14:37:00","15:05:00","15:43:00","Bouin's Dried","",""
"2019-08-28","GP132F",3,194,"Emily & Murray","Weighed before counting",46.42,41.54,22.46,2,"5",1.7642,1,"orange",45.23,28.64,49.43,0.0329,611,NA,NA,NA,"2020-01-20","2020-02-10","08:01:00","08:29:00","13:35:00","15:02:00","","",""
"2019-08-28","GP108F",4,21,"Murray","Weighed before counting",61.96,44.07,28.58,4,"",3.1575,2,"orange",33.39,21.47,23.88,0.0362,585,NA,NA,NA,"2020-01-20","2020-01-31","13:05:00","13:28:00","10:58:00","12:58:00","Bouin's Dried","","very dirty & salt grains"
"2019-08-28","GP104F",5,199,"Murray","Weighed before counting",70.6,48.24,32.78,4,"",3.1578,2,"orange",36.11,17.01,27.56,0.035,602,NA,NA,NA,"2019-12-20","","11:33:00","12:01:00","11:18:00","13:02:00","Bouin's Dried","",""
"2019-08-28","GP117A1",7,45,"Murray","Weighed before counting",57.77,42.05,26.64,4,"6",2.3807,1,"orange",43.36,25.16,45.8,0.0337,579,NA,NA,NA,"2019-12-20","2020-01-24","10:50:00","11:20:00","09:23:00","10:34:00","","","salt grains"
"2019-08-28","GP140F",8,260,"Emily & Murray","Weighed before counting",60.75,41.87,27.38,2,"4",1.8804,1,"orange",44.98,29.65,49.59,0.0324,525,NA,NA,NA,"2019-12-20","","13:51:00","14:15:00","10:31:00","12:57:00","","",""
"2019-08-28","GP140F",8,265,"Emily & Murray","less clean",66.05,42.64,20.51,3,"9",2.5507,2,"orange",36.22,24.95,30.36,0.0312,582,NA,NA,NA,"2019-12-20","","10:08:00","10:23:00","09:05:00","10:20:00","","","salt grains"
"2019-08-28","GP140F",8,265,"Emily & Murray","less clean",66.05,42.64,20.51,3,"",2.5421,2,"orange",36.22,24.95,30.36,0.0297,550,NA,NA,NA,"2019-12-20","","08:28:00","08:40:00","09:05:00","10:20:00","","",""
"2019-08-28","GP116F",9,207,"Murray","less clean & Weighed before counting",63.57,43.7,29.04,2,"",2.2088,1,"orange",47.62,30.85,53,0.0299,531,NA,NA,NA,"2019-12-20","","14:23:00","14:46:00","14:14:00","15:12:00","no sample taken","",""
"2019-08-28","GP116F",9,210,"Murray","less clean & Weighed before counting",55.17,39.01,25.45,4,"",2.2798,1,"orange",44.95,28.32,44.8,0.0378,541,NA,NA,NA,"2019-12-20","","09:33:00","10:03:00","11:44:00","13:07:00","Bouin's Dried","",""
"2019-08-28","GP116F",9,210,"Murray","less clean & Weighed before counting",55.17,39.01,25.45,4,"",2.2763,1,"orange",44.95,28.32,44.8,0.0423,615,NA,NA,NA,"2019-12-20","","11:16:00","11:45:00","11:44:00","13:07:00","","",""
"2019-08-28","GP146F",10,129,"Murray","less clean & Weighed before counting",57.93,40.13,26.57,2,"4",1.7977,1,"orange",46.45,29.02,50.88,0.037,552,NA,NA,NA,"","","10:15:00","10:46:00","13:53:00","15:07:00","","","oily"
"2019-08-28","GP146F",10,129,"Murray","less clean & Weighed before counting",57.93,40.13,26.57,2,"",1.7879,1,"orange",46.45,29.02,50.88,0.0348,515,NA,NA,NA,"","","08:04:00","08:28:00","13:53:00","15:07:00","","",""
"2019-08-29","GP161F",1,63,"Murray","less clean & Weighed before counting",59.85,41.89,27.16,3,"9",1.9808,2,"orange",38.72,24.37,30.58,0.0307,513,NA,NA,NA,"2019-12-20","","13:14:00","13:34:00","11:58:00","13:11:00","","",""
"2019-08-29","GP161F",1,63,"Murray","less clean & Weighed before counting",59.85,41.89,27.16,3,"",1.9739,2,"orange",38.72,24.37,30.58,0.0313,526,NA,NA,NA,"2019-12-20","","09:56:00","10:19:00","11:58:00","13:11:00","","",""
"2019-08-29","GP188F",2,70,"Murray","less clean & Weighed before counting",56.19,39.36,26.83,4,"11",1.1164,2,"orange",33.3,23.98,29.2,0.0353,630,NA,NA,NA,"2019-12-20","","10:55:00","11:31:00","14:59:00","15:31:00","","","salt grains"
"2019-08-29","GP188F",2,70,"Murray","less clean & Weighed before counting",56.19,39.36,26.83,4,"",1.1152,2,"orange",33.3,23.98,29.2,0.0278,508,NA,NA,NA,"2019-12-20","","08:41:00","09:04:00","14:59:00","15:31:00","","",""
"2019-08-29","GP188F",2,83,"Murray","less clean & Weighed before counting",59.34,43.18,24.92,2,"4",1.5378,1,"orange",44.94,30.14,48.17,0.0298,507,NA,NA,NA,"2019-12-20","","11:41:00","12:08:00","09:54:00","10:52:00","","",""
"2019-08-29","GP188F",2,83,"Murray","less clean & Weighed before counting",59.34,43.18,24.92,2,"",1.5318,1,"orange",44.94,30.14,48.17,0.0334,581,NA,NA,NA,"2019-12-20","","09:15:00","09:47:00","09:54:00","10:52:00","","",".0078g of setae removed"
"2019-08-29","GP190F",3,144,"Murray","less clean & Weighed before counting",62.79,42.24,26.83,3,"4",3.3056,1,"orange",47.1,27.4,50.52,0.0417,630,NA,NA,NA,"2019-12-20","","13:08:00","13:39:00","09:39:00","10:42:00","","",""
"2019-08-29","GP190F",3,151,"Emily & Murray","",55.17,39.61,25.69,2,"",1.7306,2,"orange",45.16,31.31,49.88,0.0352,552,NA,NA,NA,"2019-12-18","2020-01-23","10:15:00","10:28:00","15:17:00","15:52:00","Bouin's Dried","","salt grains"
"2019-09-09","GP308F",2,127,"Emily","",64.64,NA,NA,2,"5",1.8608,1,"beige",46.78,30.32,52.08,0.0352,623,NA,NA,NA,"","2020-01-02","16:10:00","16:24:00","","","","",""
"2019-09-09","GP321F",4,49,"Emily","",51.3,NA,NA,3,"4",1.2676,2,"orange",46.14,30.03,51.63,0.0288,571,NA,NA,NA,"","0019-12-13","12:58:00","01:23:00","","","","",""
"2019-09-09","GP321F",4,52,"Murray","",50.17,NA,NA,2,"7",1.227,1,"orange",43.24,28.8,47.19,0.0306,554,NA,NA,NA,"","2019-12-17","14:58:00","15:34:00","","","","",""
"2019-09-09","GP328F",5,32,"Emily","",61.35,42.4,27.94,3,"6",2.1709,2,"orange",40.41,27.05,37.22,0.0295,508,NA,NA,NA,"2019-12-16","","10:30:00","10:41:00","14:23:00","15:01:00","","",""
"2019-09-09","GP338F",6,30,"Emily & Murray","",52.05,36.8,25.06,2,"4",1.1115,2,"orange",43.71,29.36,48.52,0.0293,555,NA,NA,NA,"2019-12-17","2020-01-14","10:26:00","10:44:00","11:53:00","14:08:00","","pieces of setae",""
"2019-09-09","GP338F",6,31,"Murray","",65.65,NA,NA,3,"",2.4075,2,"orange",47.75,28.82,52.14,0.0308,573,NA,NA,NA,"2019-12-09","","13:05:00","13:36:00","","","","",""
"2019-09-09","GP337F",7,24,"Emily","less clean",66.24,46.44,29.25,3,"",2.7613,2,"",NA,NA,NA,0.0317,623,NA,NA,NA,"2019-12-17","","09:07:00","09:28:00","11:25:00","13:11:00","Bouin's Dried","",""
"2019-09-09","GP337F",7,24,"Emily","less clean",66.24,46.44,29.25,3,"",2.7596,2,"",NA,NA,NA,0.0323,622,NA,NA,NA,"2019-12-17","","09:37:00","09:53:00","11:25:00","13:11:00","","",""
"2019-09-09","GP337F",7,45,"Emily","",50.94,NA,NA,2,"4",1.1635,2,"orange",44.35,33.82,48.88,0.0337,577,NA,NA,NA,"","2020-01-03","10:15:00","10:30:00","","","","","very dirty & broken eggs"
"2019-09-10","GP345F",1,26,"Renee & Murray","",66.28,46.4,31.6,3,"8",3.4672,2,"orange",41.54,26.88,33.35,0.0331,604,NA,NA,NA,"2019-11-26","2020-01-10","14:11:00","14:55:00","11:22:00","12:30:00","","lots of loose eggs",".0163g of dry gonad removed from dry sample"
"2019-09-10","GP333F",7,91,"Renee & Murray","",65.42,48.16,30.83,4,"4",3.5101,2,"orange",44.22,29.81,45.21,0.0346,581,NA,NA,NA,"2019-11-26","2020-01-13","07:54:00","08:30:00","11:22:00","12:30:00","","",""
"2019-09-10","GP333F",7,101,"Emily","",52.84,NA,NA,2,"4",1.3557,2,"orange",45.68,30.73,49.76,0.0306,611,NA,NA,NA,"","0019-12-13","09:04:00","09:24:00","","","","",""
"2019-09-12","GP268F",2,112,"Emily","",57.4,NA,NA,2,"4",1.5836,2,"orange",47.08,30.08,47.04,0.0319,534,NA,NA,NA,"","2020-01-02","15:53:00","16:07:00","","","","",""
"2019-09-12","GP268F",2,113,"Murray","Weighed before counting",55.17,NA,NA,3,"NF",1.2996,2,"orange",48.1,28.95,52.06,0.0312,571,NA,NA,NA,"","2020-01-13","11:22:00","11:55:00","","","Not fertilized","lots of loose eggs",""
"2019-09-12","GP259F",3,49,"Emily","",70.45,NA,NA,2,"6",2.7385,2,"orange",44.05,33.72,48.18,0.0352,587,NA,NA,NA,"","2020-01-03","08:45:00","09:01:00","","","","",""
"2019-09-12","GP248F",4,196,"Emily & Murray","Weighed before counting",60.63,42.1,28.49,3,"",2.0964,2,"orange",44.22,31.88,45.73,0.0346,564,NA,NA,NA,"2019-12-16","2020-01-13","10:27:00","11:04:00","14:56:00","15:47:00","only 3 eggs in sample/stain not clear","lots of loose eggs","salt grains"
"2019-09-12","GP248F",4,200,"Emily","less clean",59.37,39.92,27.21,2,"4",1.6622,2,"orange",45.01,28.3,45.51,0.0315,556,NA,NA,NA,"2019-12-17","","08:40:00","09:02:00","11:21:00","13:06:00","","","oily"
"2019-09-12","GP248F",4,200,"Emily","less clean",59.37,39.92,27.21,2,"",1.6572,2,"orange",45.01,28.3,45.51,0.032,574,NA,NA,NA,"2019-12-17","","09:16:00","09:35:00","11:21:00","13:06:00","","",""
"2019-09-12","GP245F",5,26,"Emily & Murray","Weighed before counting",61.01,41.44,29.1,4,"9",2.757,2,"orange",37.81,20.56,27.24,0.0337,553,NA,NA,NA,"2019-12-16","","15:00:00","15:18:00","14:34:00","15:36:00","","lots of loose eggs",".0045g of dry gonad removed & salt grains"
"2019-09-13","GP215A2",8,185,"Emily","",55.98,NA,NA,2,"4",1.5842,1,"orange",45.11,30.6,48.43,0.0333,554,NA,NA,NA,"","2020-01-10","11:33:00","11:48:00","","","","",""
"2019-09-13","GP215A2",8,187,"Renee & Emily","",59.62,40.89,28.09,3,"4",1.7876,2,"orange",44.66,32.95,49.99,0.0332,532,NA,NA,NA,"2019-11-26","2020-01-14","09:49:00","10:04:00","11:22:00","12:30:00","","",""
"2019-09-13","GP210F",9,113,"Emily","",65.67,46.26,29.21,3,"9",2.5016,2,"orange",41.2,25.41,28.95,0.0344,604,NA,NA,NA,"2019-12-16","2020-01-14","09:33:00","09:47:00","14:48:00","15:44:00","","",""
"2019-09-13","GP210F",9,114,"Emily","",56.68,NA,NA,2,"4",1.3404,1,"orange",44.8,31.18,51.35,0.0388,734,NA,NA,NA,"","","15:23:00","16:03:00","","","","",""
"2019-09-13","GP229F",10,82,"Renee & Emily","",59.26,31.91,28.23,2,"4",1.64,2,"orange",45.03,31.56,48.21,0.0298,512,NA,NA,NA,"2019-11-26","2020-01-10","10:49:00","11:04:00","11:22:00","12:30:00","","",""
"2019-09-13","GP246F",11,23,"Emily","",58.29,NA,NA,2,"4",1.7553,1,"orange",46.06,32.3,52.62,0.037,612,NA,NA,NA,"2019-11-26","","10:58:00","11:42:00","11:22:00","12:30:00","","",""
"2019-09-13","GP244F",12,27,"Emily","",45.05,NA,NA,2,"S",NA,2,"orange",47.49,28.85,49.7,NA,NA,NA,NA,NA,"2019-12-04","","","","","","Irregular spotting in eggs/Dev not clear","","hard and compressed into 1 chunk/skipped"
"2019-09-14","GP252F",2,162,"Murray","Weighed before counting",59.22,NA,NA,2,"4",1.6926,2,"orange",44.54,29.87,45.51,0.0322,558,NA,NA,NA,"","2020-01-10","13:14:00","13:58:00","","","","",""
"2019-09-14","GP252F",2,226,"Emily","",66.1,NA,NA,3,"NF",2.3175,2,"orange",47.42,27.41,46.45,0.0321,555,NA,NA,NA,"","2019-12-17","09:22:00","09:37:00","","","Not fertilized","",""
"2019-09-14","GP263F",3,112,"Emily","less clean",61.55,45.49,29.07,4,"11",2.6357,2,"orange",37.41,21.3,25.15,0.0336,580,NA,NA,NA,"2019-12-17","","09:33:00","09:48:00","10:59:00","12:55:00","","lots of loose eggs","very dirty & membranes"
"2019-09-14","GP263F",3,112,"Emily","less clean",61.55,45.49,29.07,4,"",2.6125,2,"orange",37.41,21.3,25.15,0.0343,592,NA,NA,NA,"2019-12-17","","09:57:00","10:12:00","10:59:00","12:55:00","","",""
"2019-09-14","GP275F",4,89,"Murray","",58.22,NA,NA,2,"5",1.1861,1,"orange",47.19,30.46,51.65,0.0365,589,NA,NA,NA,"","","10:20:00","10:58:00","","","","",""
"2019-09-14","GP275F",4,95,"Emily","",61.9,NA,NA,4,"4",2.2904,2,"orange",44.66,27.82,46.19,0.0349,613,NA,NA,NA,"2019-12-05","0019-12-13","10:35:00","11:14:00","","","","","oily"
"2019-09-14","GP279F",5,90,"Emily","",56.03,NA,NA,2,"4",1.5977,2,"orange",46.88,29.04,53.09,0.0333,586,NA,NA,NA,"","","09:56:00","10:12:00","","","","",""
"2019-09-19","GP330F",1,52,"Murray","",58.55,NA,NA,3,"4",1.8347,1,"orange",46,30.85,52.04,0.0376,645,NA,NA,NA,"","0019-12-17","13:13:00","14:01:00","","","","",""
"2019-09-19","GP330F",1,64,"Murray","",58.63,NA,NA,2,"6",1.6923,1,"orange",47.45,29.48,50.34,0.0339,588,NA,NA,NA,"","2019-12-18","13:31:00","14:15:00","","","","","oily & salt grains"
"2019-09-19","GP322F",6,33,"Emily","",56.94,NA,NA,4,"8",2.2297,2,"orange",40.71,25.24,38.45,0.0362,654,NA,NA,NA,"","2020-01-03","10:35:00","10:49:00","","","","",""
"2019-09-20","GP319F",1,14,"Emily & Murray","less clean",57.02,38.82,26.14,4,"",2.0901,2,"orange",38.87,29.6,37.41,0.0317,611,NA,NA,NA,"2019-12-18","","09:51:00","10:07:00","15:05:00","15:38:00","Bouin's Dried","",""
"2019-09-20","GP319F",1,14,"Emily & Murray","less clean",57.02,38.82,26.14,4,"",2.0879,2,"orange",38.87,29.6,37.41,0.0315,604,NA,NA,NA,"2019-12-18","","08:43:00","08:57:00","15:05:00","15:38:00","","",""
"2019-09-20","GP304F",2,94,"Renee & Emily","",62.19,43.91,31.17,4,"4",3.252,2,"",NA,NA,NA,0.0389,597,NA,NA,NA,"2019-11-26","2020-01-14","10:06:00","10:21:00","11:22:00","12:30:00","","morceaux de setae/pleopod plus gros a la base","very dirty"
"2019-09-20","GP304F",2,147,"Emily","",51.31,NA,NA,2,"8",1.1785,2,"",NA,NA,NA,0.0304,536,NA,NA,NA,"","2020-01-03","08:26:00","08:41:00","","","","",""
"2019-09-20","GP318F",3,125,"Emily","",66.58,NA,NA,4,"4",3.8636,1,"orange",45.42,27.68,46.1,0.0345,584,NA,NA,NA,"","","09:27:00","09:46:00","","","","",""
"2019-09-20","GP318F",3,126,"Emily","",46.69,NA,NA,2,"8",1.4266,2,"orange",38.14,26.34,38.61,0.0355,605,NA,NA,NA,"","2020-01-03","09:13:00","09:26:00","","","","",""
"2019-09-20","GP309F",4,64,"Emily","",50.79,NA,NA,2,"F",1.2845,2,"orange",46.44,30.67,48.55,0.0358,643,NA,NA,NA,"","","08:35:00","08:59:00","","","Fertilized but development not clear","",""
"2019-09-20","GP302F",5,152,"Murray","",53.05,NA,NA,2,"NF",1.0832,2,"orange",45.51,31.49,50.38,0.0293,538,NA,NA,NA,"","2019-12-17","14:16:00","14:53:00","","","Not fertilized","","oily & salt grains"
"2019-09-20","GP288F",6,128,"Emily","Min",62.05,39.3,24.59,1,"9",1.4976,NA,"",NA,NA,NA,0.0308,500,NA,NA,NA,"2020-03-13","2021-03-22","","","14:58:00","16:01:00","","",""
"2019-09-20","GP288F",6,130,"Emily","",64.11,NA,NA,4,"4",3.1915,1,"orange",44.66,27.9,44.82,0.0348,582,NA,NA,NA,"","2019-12-17","09:38:00","10:02:00","","","","","oily"
"2019-09-20","GP288F",6,131,"Emily & Murray","Weighed before counting",54.95,37.24,24.22,2,"4",1.3906,2,"orange",46.43,29.42,52.74,0.033,585,NA,NA,NA,"2019-12-16","2020-01-13","08:46:00","09:30:00","14:41:00","15:41:00","only 3 eggs in sample","",""
"2019-09-20","GP291F",7,30,"Emily","",48.61,NA,NA,3,"9",0.9607,2,"orange",36.34,26.83,29.7,0.0265,502,NA,NA,NA,"","","11:17:00","11:30:00","","","","",""
"2019-09-20","GP291F",7,89,"Emily","",63.14,NA,NA,2,"4",2.4292,2,"orange",45.95,29.75,50.84,0.0362,628,NA,NA,NA,"","","10:10:00","10:29:00","","","","","dropped "
"2019-09-20","GP296F",8,134,"Emily","",62.78,NA,NA,2,"4",2.0947,2,"orange",45.69,30.12,50.52,0.0348,661,NA,NA,NA,"2019-12-05","0019-12-13","10:14:00","10:34:00","","","","",""
"2019-09-20","GP297F",9,68,"Emily","",60.85,NA,NA,2,"",1.7133,2,"orange",40.92,25.34,43.63,0.0286,494,NA,NA,NA,"2019-12-06","0019-12-13","11:35:00","11:49:00","","","No vial","",""
"2019-09-20","GP307F",10,46,"Emily","",64.18,NA,NA,2,"7",2.2613,2,"orange",45.19,29.32,49.39,0.0308,601,NA,NA,NA,"2019-12-04","","10:32:00","10:53:00","","","","",""
"2019-09-21","GP305F",1,51,"Emily","",56.5,NA,NA,4,"8",2.5252,2,"orange",37.78,25.46,35.13,0.0431,693,NA,NA,NA,"","","16:07:00","16:30:00","","","","","salt grains"
"2019-09-21","GP305F",1,58,"Murray","",64.55,NA,NA,4,"8",1.2856,2,"",NA,NA,NA,0.0311,583,NA,NA,NA,"","0019-12-16","11:02:00","11:42:00","","","","","dropped"
"2019-09-22","GP299F",2,58,"Emily","less clean",68.31,50.39,30.35,4,"4",3.6088,1,"orange",43.41,23.98,46.62,0.0334,563,NA,NA,NA,"2019-12-17","","08:18:00","08:36:00","11:09:00","13:02:00","","","salt grains"
"2019-09-22","GP299F",2,58,"Emily","less clean",68.31,50.39,30.35,4,"",3.5898,1,"orange",43.41,23.98,46.62,0.0297,506,NA,NA,NA,"2019-12-17","","09:00:00","09:13:00","11:09:00","13:02:00","","",""
"2019-09-22","GP299F",2,230,"Emily","",50.03,NA,NA,2,"6",1.0969,2,"orange",44.88,30.86,51.02,0.0285,500,NA,NA,NA,"","0019-12-13","09:52:00","10:12:00","","","","",""
"2019-09-22","GP283F",3,134,"Emily","",52.37,NA,NA,2,"4",1.1586,2,"",NA,NA,NA,0.0335,594,NA,NA,NA,"","2019-12-13","13:27:00","13:51:00","","","","",""
"2019-09-22","GP283F",3,135,"Emily","",58.85,NA,NA,3,"10",1.5705,2,"orange",32.69,23.25,28.25,0.0275,561,NA,NA,NA,"","","09:32:00","09:52:00","","","","",""
"2019-09-22","GP274F",4,150,"Renee","",57.57,NA,NA,2,"4",1.294,2,"orange",46.61,30.71,52.01,0.0415,779,NA,NA,NA,"2019-11-26","","13:50:00","14:32:00","11:22:00","12:30:00","","",""
"2019-09-22","GP286F",5,118,"Murray","",64.99,NA,NA,2,"4",2.2634,2,"orange",45.15,29.86,50.35,0.0325,566,NA,NA,NA,"2019-12-06","","09:02:00","10:05:00","","","","",""
"2019-09-22","GP292F",6,76,"Murray","",65.33,NA,NA,3,"4",3.8401,1,"orange",47.04,27.74,51.09,0.0306,533,NA,NA,NA,"2019-12-06","","11:25:00","11:52:00","","","","",""
"2019-09-22","GP292F",6,77,"Emily","",60.8,NA,NA,2,"4",1.9765,2,"orange",45.66,26.63,49.62,0.0337,556,NA,NA,NA,"","0019-12-13","11:17:00","11:34:00","","","","",""
"2019-09-22","GP298F",7,17,"Emily","",62.71,NA,NA,4,"4",3.2979,2,"orange",41.15,28.02,43.57,0.0323,512,NA,NA,NA,"","","09:11:00","09:28:00","","","","",""
"2019-09-22","GP298F",7,18,"Murray","",67.05,NA,NA,2,"",2.3115,2,"orange",38.52,23.26,38.49,0.0318,583,NA,NA,NA,"2019-12-06","","10:35:00","11:16:00","","","Bouin's Dried","",""
"2019-09-22","GP289F",8,64,"Emily","",64.28,NA,NA,2,"4",2.3463,2,"orange",41.36,27.35,45.4,0.031,586,NA,NA,NA,"","","12:59:00","13:32:00","","","","",""
"2019-09-22","GP289F",8,68,"Murray","",57.27,NA,NA,4,"",1.438,2,"orange",39.74,21.53,41.1,0.0294,513,NA,NA,NA,"","","08:20:00","08:50:00","","","Bouin's Dried","",""
"2019-09-22","GP280F",9,75,"Emily","",50.84,NA,NA,3,"4",1.0275,1,"orange",46.29,25.43,49.11,0.0287,634,NA,NA,NA,"","0019-12-13","09:25:00","09:46:00","","","","",""
"2019-09-25","GP317F",2,42,"Emily","",54.71,NA,NA,4,"4",2.4357,2,"orange",44.9,26.73,44.74,0.0324,567,NA,NA,NA,"","0019-12-13","08:26:00","08:51:00","","","","",""
"2019-09-25","GP311F",3,32,"Emily","",68.38,NA,NA,3,"7",3.8771,2,"beige",46.56,28.28,51.35,0.0318,576,NA,NA,NA,"","","08:15:00","08:40:00","","","","",""
"2019-09-25","GP311F",3,35,"Murray","",61.49,NA,NA,2,"9",1.9764,2,"orange",40.4,25.61,42.99,0.0337,544,NA,NA,NA,"2019-12-09","","08:21:00","09:54:00","","","","",""
"2019-09-25","GP329F",5,24,"Emily","",64.42,NA,NA,4,"9",2.6318,2,"orange",37.99,24.1,30.82,0.03,542,NA,NA,NA,"","","14:51:00","15:12:00","","","","",""
NA,"GP294F",NA,42,"Emily & Murray","Min",NA,43.93,31.26,NA,"9",3.3286,NA,"",NA,NA,NA,0.0302,506,NA,NA,NA,"2020-03-02","2020-03-09","","","10:41:00","13:18:00","","lots of loose eggs","parasites"
