Date Sampled,Start Time,End Time,Date Measured,Zone,Location,Vessel,Sampler,Latitude,Longitude,Depth,Trap #,Crab #,Sex,Shell Condition,Carapace Width,Claw Height,Abd Width,Egg Color,Hepato Color,Hepato Texture,% Eggs Remaining,Gonad Color,Egg details,Missing Legs,Maturity,Barnacles,Spiroidea,Cigarette Burn,Egg Col L,Egg Col a,Egg Col b,Gon Col L,Gon Col a,Gon Col b,Hep Col L,Hep Col a,Hep Col b,Commentaire,Crab Weight,Gonad Weight,Hepato Weight,,
13052018,10:00,*,14052018,12,Baie-des-Chaleurs,CCGS Perley,R.ALLAIN/K.LANDRY/M.MORIYASU,4753.841,6505.007,81m,2,1,F,4,76.18,*,54.73,OF,*,*,100,O,,**********,M,*,*,*,42.000,24.300,29.540,51.820,33.230,46.370,49.33,2.2,23.1,Patte Dalhousie,176,9.4557,9.5902,,
13052018,10:00,*,14052018,12,Baie-des-Chaleurs,CCGS Perley,R.ALLAIN/K.LANDRY/M.MORIYASU,4753.841,6505.007,81m,2,2,F,4,76.87,*,55.75,OF,*,*,95,Beige,,**********,M,*,*,*,38.660,21.280,25.710,52.000,15.550,33.250,36.89,2.87,11.64,Patte Dalhousie,162.4,3.399,10.0566,,
13052018,10:00,*,14052018,12,Baie-des-Chaleurs,CCGS Perley,R.ALLAIN/K.LANDRY/M.MORIYASU,4753.841,6505.007,81m,2,3,F,4,78.74,*,54.71,OF,*,*,95,O,,**********,M,*,*,*,39.960,23.840,28.040,48.900,33.530,43.080,48.41,3.91,21.94,Patte Dalhousie,178.8,6.0916,11.5856,,
13052018,10:00,*,14052018,12,Baie-des-Chaleurs,CCGS Perley,R.ALLAIN/K.LANDRY/M.MORIYASU,4753.841,6505.007,81m,2,4,F,4,69.55,*,46.99,OF,*,*,100,O,,**********,M,*,*,*,39.660,22.350,25.950,49.660,33.770,43.920,40.37,3.46,13.08,Patte Dalhousie,128.6,6.6086,8.0347,,
13052018,10:00,*,14052018,12,Baie-des-Chaleurs,CCGS Perley,R.ALLAIN/K.LANDRY/M.MORIYASU,4753.841,6505.007,81m,1,5,F,4,67.27,*,48.37,OF,*,*,95,O,,********1*,M,*,*,*,36.620,20.640,22.170,52.490,30.360,45.720,50.19,2.22,21.5,Patte Dalhousie,102.8,*,*,,
13052018,10:00,*,14052018,12,Baie-des-Chaleurs,CCGS Perley,R.ALLAIN/K.LANDRY/M.MORIYASU,4753.841,6505.007,81m,1,6,F,4,74.24,*,51.55,OF,*,*,95,OC,,**********,M,*,*,*,36.240,23.750,22.250,53.730,23.830,36.270,40.06,6.88,19.36,Patte Dalhousie,148.1,*,*,,
13052018,10:00,*,14052018,12,Baie-des-Chaleurs,CCGS Perley,R.ALLAIN/K.LANDRY/M.MORIYASU,4753.841,6505.007,81m,1,7,F,4,67.82,*,48.65,OF,*,*,90,OC,,**********,M,*,*,*,36.270,23.800,23.730,55.910,15.650,29.790,35,4.1,9.44,Patte Dalhousie,117.8,*,*,,
13052018,10:00,*,14052018,12,Baie-des-Chaleurs,CCGS Perley,R.ALLAIN/K.LANDRY/M.MORIYASU,4753.841,6505.007,81m,1,8,F,3.8,53.91,*,38.07,OF,*,*,100,O,,*******1**,M,*,*,*,40.630,26.640,30.340,50.300,35.330,44.850,43.25,4.45,18.65,Patte Dalhousie,60.9,*,*,,
13052018,10:00,*,14052018,12,Baie-des-Chaleurs,CCGS Perley,R.ALLAIN/K.LANDRY/M.MORIYASU,4753.841,6505.007,81m,1,9,F,4,54.12,*,39.24,OF,*,*,100,O,,**********,M,*,*,*,39.980,24.480,30.420,48.930,34.330,42.920,41.99,3.18,16.47,Patte Dalhousie,62.2,*,*,,
13052018,10:00,*,14052018,12,Baie-des-Chaleurs,CCGS Perley,R.ALLAIN/K.LANDRY/M.MORIYASU,4753.841,6505.007,81m,1,10,F,4,77.3,*,53.25,B,*,*,100,O,,**********,M,*,*,*,29.530,8.020,2.770,48.020,27.110,38.150,37.27,3.6,12.82,Patte Dalhousie,169.4,*,*,,
13052018,10:00,*,14052018,12,Baie-des-Chaleurs,CCGS Perley,R.ALLAIN/K.LANDRY/M.MORIYASU,4753.841,6505.007,81m,1,11,F,4,76.48,*,50.52,N,*,*,60,O,,******1***,M,*,*,*,28.070,5.090,0.500,46.030,30.170,38.790,34.51,6.48,15.18,Patte Dalhousie,147.7,*,*,,
13052018,10:00,*,14052018,12,Baie-des-Chaleurs,CCGS Perley,R.ALLAIN/K.LANDRY/M.MORIYASU,4753.841,6505.007,81m,1,12,F,4,71.55,*,49.31,N,*,*,100,O,,**********,M,*,*,*,29.010,7.790,1.000,46.060,29.030,37.720,32.18,3.42,7.33,Patte Dalhousie,143.6,*,*,,
13052018,10:00,*,14052018,12,Baie-des-Chaleurs,CCGS Perley,R.ALLAIN/K.LANDRY/M.MORIYASU,4753.841,6505.007,81m,1,13,F,4,74.45,*,53.62,N,*,*,100,O,,***7******,M,*,*,*,28.690,9.070,2.940,48.640,33.730,42.230,35.39,3.31,9.58,Patte Dalhousie,152,*,*,,
13052018,10:00,*,14052018,12,Baie-des-Chaleurs,CCGS Perley,R.ALLAIN/K.LANDRY/M.MORIYASU,4753.841,6505.007,81m,1,14,M,4,77.6,16.92,*,*,*,*,*,*,,**********,M,*,*,*,*,*,*,*,*,*,*,*,*,Patte Dalhousie,201.6,*,*,,
13052018,10:00,*,14052018,12,Baie-des-Chaleurs,CCGS Perley,R.ALLAIN/K.LANDRY/M.MORIYASU,4753.841,6505.007,81m,1,15,M,4,70.54,15.19,*,*,*,*,*,*,,*********1,M,*,*,*,*,*,*,*,*,*,*,*,*,Patte Dalhousie,154.6,*,*,,
13052018,10:00,*,14052018,12,Baie-des-Chaleurs,CCGS Perley,R.ALLAIN/K.LANDRY/M.MORIYASU,4753.841,6505.007,81m,1,16,M,4,85.81,17.52,*,*,*,*,*,*,,*****1**1*,M,*,*,*,*,*,*,*,*,*,*,*,*,Patte Dalhousie,232.2,*,*,,
13052018,10:00,*,14052018,12,Baie-des-Chaleurs,CCGS Perley,R.ALLAIN/K.LANDRY/M.MORIYASU,4753.841,6505.007,81m,1,17,M,4,85.51,19.08,*,*,*,*,*,*,,1*********,M,*,*,*,*,*,*,*,*,*,*,*,*,Patte Dalhousie,255,*,*,,
13052018,10:00,*,14052018,12,Baie-des-Chaleurs,CCGS Perley,R.ALLAIN/K.LANDRY/M.MORIYASU,4753.841,6505.007,81m,1,18,M,4,73.65,14.76,*,*,*,*,*,*,,**********,M,*,*,*,*,*,*,*,*,*,*,*,*,Patte Dalhousie,156.4,*,*,,
13052018,10:00,*,14052018,12,Baie-des-Chaleurs,CCGS Perley,R.ALLAIN/K.LANDRY/M.MORIYASU,4753.841,6505.007,81m,1,19,M,4,68.79,12.93,*,*,*,*,*,*,,**********,M,*,*,*,*,*,*,*,*,*,*,*,*,Patte Dalhousie,54.1,*,*,,
13052018,10:00,*,14052018,12,Baie-des-Chaleurs,CCGS Perley,R.ALLAIN/K.LANDRY/M.MORIYASU,4753.841,6505.007,81m,1,20,M,4,75.14,15.29,*,*,*,*,*,*,,**********,M,*,*,*,*,*,*,*,*,*,*,*,*,Patte Dalhousie,185.5,*,*,,
13052018,10:00,*,14052018,12,Baie-des-Chaleurs,CCGS Perley,R.ALLAIN/K.LANDRY/M.MORIYASU,4753.841,6505.007,81m,1,21,M,4,66.06,13.38,*,*,*,*,*,*,,**********,M,*,*,*,*,*,*,*,*,*,*,*,*,Patte Dalhousie,127.2,*,*,,
13052018,10:00,*,14052018,12,Baie-des-Chaleurs,CCGS Perley,R.ALLAIN/K.LANDRY/M.MORIYASU,4753.841,6505.007,81m,1,22,M,4,78.83,16.87,*,*,*,*,*,*,,1*1*******,M,*,*,*,*,*,*,*,*,*,*,*,*,Patte Dalhousie,196,*,*,,
13052018,10:00,*,14052018,12,Baie-des-Chaleurs,CCGS Perley,R.ALLAIN/K.LANDRY/M.MORIYASU,4753.841,6505.007,81m,1,23,M,4,76.86,17.45,*,*,*,*,*,*,,**********,M,*,*,*,*,*,*,*,*,*,*,*,*,Patte Dalhousie,208.7,*,*,,
13052018,10:00,*,14052018,12,Baie-des-Chaleurs,CCGS Perley,R.ALLAIN/K.LANDRY/M.MORIYASU,4753.841,6505.007,81m,1,24,M,4,90.35,20.75,*,*,*,*,*,*,,***1******,M,*,*,*,*,*,*,*,*,*,*,*,*,Patte Dalhousie,324,*,*,,
13052018,10:00,*,14052018,12,Baie-des-Chaleurs,CCGS Perley,R.ALLAIN/K.LANDRY/M.MORIYASU,4753.841,6505.007,81m,1,25,M,4,78.21,15.91,*,*,*,*,*,*,,**1*******,M,*,*,*,*,*,*,*,*,*,*,*,*,Patte Dalhousie,171.3,*,*,,
13052018,10:00,*,14052018,12,Baie-des-Chaleurs,CCGS Perley,R.ALLAIN/K.LANDRY/M.MORIYASU,4753.841,6505.007,81m,1,26,M,4,73.1,14.75,*,*,*,*,*,*,,**********,M,*,*,*,*,*,*,*,*,*,*,*,*,Patte Dalhousie,171.4,*,*,,
13052018,10:00,*,14052018,12,Baie-des-Chaleurs,CCGS Perley,R.ALLAIN/K.LANDRY/M.MORIYASU,4753.841,6505.007,81m,1,27,M,4,79.03,18.14,*,*,*,*,*,*,,********7*,M,*,*,*,*,*,*,*,*,*,*,*,*,Patte Dalhousie,208.9,*,*,,
13052018,10:00,*,14052018,12,Baie-des-Chaleurs,CCGS Perley,R.ALLAIN/K.LANDRY/M.MORIYASU,4753.841,6505.007,81m,1,28,M,4,69.09,13.44,*,*,*,*,*,*,,*********2,M,*,*,*,*,*,*,*,*,*,*,*,*,Patte Dalhousie,130.8,*,*,,
13052018,10:00,*,14052018,12,Baie-des-Chaleurs,CCGS Perley,R.ALLAIN/K.LANDRY/M.MORIYASU,4753.841,6505.007,81m,1,29,M,4,73.92,17.69,*,*,*,*,*,*,,*111******,M,*,*,*,*,*,*,*,*,*,*,*,*,Patte Dalhousie,154.2,*,*,,
13052018,10:00,*,14052018,12,Baie-des-Chaleurs,CCGS Perley,R.ALLAIN/K.LANDRY/M.MORIYASU,4753.841,6505.007,81m,1,30,M,4,77.75,13.35,*,*,*,*,*,*,,**********,M,*,*,*,*,*,*,*,*,*,*,*,*,Patte Dalhousie,193,*,*,,
13052018,10:00,*,14052018,12,Baie-des-Chaleurs,CCGS Perley,R.ALLAIN/K.LANDRY/M.MORIYASU,4753.841,6505.007,81m,1,31,M,4,74.9,17.11,*,*,*,*,*,*,,1*1*******,M,*,*,*,*,*,*,*,*,*,*,*,*,Patte Dalhousie,166.1,*,*,,
,,,,,,,,,,,,,,,,,,,,,,,,,,,,,,,,,,,,,,,,,,,
11062018,*,*,12062018,12,Banc Bradelle,CCGS Perley,R.ALLAIN/M.MORIYASU,4717.8314,6308.1296,37fthm,1,1,M,*,73.09,*,*,*,*,*,*,*,,**********,M,*,*,*,*,*,*,*,*,*,*,*,*,,*,*,*,,
11062018,*,*,12062018,12,Banc Bradelle,CCGS Perley,R.ALLAIN/M.MORIYASU,4717.8314,6308.1296,37fthm,1,2,M,*,82.35,*,*,*,*,*,*,*,,**********,M,*,*,*,*,*,*,*,*,*,*,*,*,,*,*,*,,
11062018,*,*,12062018,12,Banc Bradelle,CCGS Perley,R.ALLAIN/M.MORIYASU,4717.8314,6308.1296,37fthm,1,3,M,*,76.39,*,*,*,*,*,*,*,,**********,M,*,*,*,*,*,*,*,*,*,*,*,*,,*,*,*,,
11062018,*,*,12062018,12,Banc Bradelle,CCGS Perley,R.ALLAIN/M.MORIYASU,4717.8314,6308.1296,37fthm,1,4,M,*,92.52,*,*,*,*,*,*,*,,**********,M,*,*,*,*,*,*,*,*,*,*,*,*,,*,*,*,,
11062018,*,*,12062018,12,Banc Bradelle,CCGS Perley,R.ALLAIN/M.MORIYASU,4717.8314,6308.1296,37fthm,1,5,M,*,73,*,*,*,*,*,*,*,,**********,M,*,*,*,*,*,*,*,*,*,*,*,*,,*,*,*,,
11062018,*,*,12062018,12,Banc Bradelle,CCGS Perley,R.ALLAIN/M.MORIYASU,4717.8314,6308.1296,37fthm,1,6,M,*,89.39,*,*,*,*,*,*,*,,**********,M,*,*,*,*,*,*,*,*,*,*,*,*,,*,*,*,,
11062018,*,*,12062018,12,Banc Bradelle,CCGS Perley,R.ALLAIN/M.MORIYASU,4717.8314,6308.1296,37fthm,1,7,M,*,90.43,*,*,*,*,*,*,*,,**********,M,*,*,*,*,*,*,*,*,*,*,*,*,,*,*,*,,
11062018,*,*,12062018,12,Banc Bradelle,CCGS Perley,R.ALLAIN/M.MORIYASU,4717.8314,6308.1296,37fthm,1,8,M,*,90.22,*,*,*,*,*,*,*,,**********,M,*,*,*,*,*,*,*,*,*,*,*,*,,*,*,*,,
11062018,*,*,12062018,12,Banc Bradelle,CCGS Perley,R.ALLAIN/M.MORIYASU,4717.8314,6308.1296,37fthm,1,9,M,*,87.81,*,*,*,*,*,*,*,,**********,M,*,*,*,*,*,*,*,*,*,*,*,*,,*,*,*,,
11062018,*,*,12062018,12,Banc Bradelle,CCGS Perley,R.ALLAIN/M.MORIYASU,4717.8314,6308.1296,37fthm,1,10,M,*,90.92,*,*,*,*,*,*,*,,**********,M,*,*,*,*,*,*,*,*,*,*,*,*,,*,*,*,,
11062018,*,*,12062018,12,Banc Bradelle,CCGS Perley,R.ALLAIN/M.MORIYASU,4717.8314,6308.1296,37fthm,1,11,M,*,91.23,*,*,*,*,*,*,*,,**********,M,*,*,*,*,*,*,*,*,*,*,*,*,,*,*,*,,
11062018,*,*,12062018,12,Banc Bradelle,CCGS Perley,R.ALLAIN/M.MORIYASU,4717.8314,6308.1296,37fthm,1,12,M,*,77.83,*,*,*,*,*,*,*,,**********,M,*,*,*,*,*,*,*,*,*,*,*,*,,*,*,*,,
11062018,*,*,12062018,12,Banc Bradelle,CCGS Perley,R.ALLAIN/M.MORIYASU,4717.8314,6308.1296,37fthm,1,13,M,*,86.64,*,*,*,*,*,*,*,,**********,M,*,*,*,*,*,*,*,*,*,*,*,*,,*,*,*,,
11062018,*,*,12062018,12,Banc Bradelle,CCGS Perley,R.ALLAIN/M.MORIYASU,4717.8314,6308.1296,37fthm,1,14,M,*,80.52,*,*,*,*,*,*,*,,**********,M,*,*,*,*,*,*,*,*,*,*,*,*,,*,*,*,,
,,,,,,,,,,,,,,,,,,,,,,,,,,,,,,,,,,,,,,,,,,,
15062018,*,*,17062018,12,Banc Bradelle,CCGS Perley,R.ALLAIN/M.MORIYASU/K.LANDRY,4726.051,6307.9842,76m,1,1,M,2.5,80.35,15.31,*,*,*,*,*,*,,**********,I,*,*,*,*,*,*,*,*,*,*,*,*,I Recent Moulted  NRC,*,*,*,,
15062018,*,*,17062018,12,Banc Bradelle,CCGS Perley,R.ALLAIN/M.MORIYASU/K.LANDRY,4726.051,6307.9842,76m,1,2,M,2.5,73.31,15.38,*,*,*,*,*,*,,**********,M,*,*,*,*,*,*,*,*,*,*,*,*,M Recent Moulted,*,*,*,,
15062018,*,*,17062018,12,Banc Bradelle,CCGS Perley,R.ALLAIN/M.MORIYASU/K.LANDRY,4726.051,6307.9842,76m,1,3,M,2.5,66.87,13.26,*,*,*,*,*,*,,**********,M,*,*,*,*,*,*,*,*,*,*,*,*,M Recent Moulted,*,*,*,,
15062018,*,*,17062018,12,Banc Bradelle,CCGS Perley,R.ALLAIN/M.MORIYASU/K.LANDRY,4726.051,6307.9842,76m,1,4,M,3,72,15.58,*,*,*,*,*,*,,**********,M,*,*,*,*,*,*,*,*,*,*,*,*,Dal,*,*,*,,
15062018,*,*,17062018,12,Banc Bradelle,CCGS Perley,R.ALLAIN/M.MORIYASU/K.LANDRY,4726.051,6307.9842,76m,1,5,M,2.5,70.08,15.63,*,*,*,*,*,*,,**********,M,*,*,*,*,*,*,*,*,*,*,*,*,M Recent Moulted,*,*,*,,
15062018,*,*,17062018,12,Banc Bradelle,CCGS Perley,R.ALLAIN/M.MORIYASU/K.LANDRY,4726.051,6307.9842,76m,1,6,M,2.5,75.01,12.87,*,*,*,*,*,*,,**********,I,*,*,*,*,*,*,*,*,*,*,*,*,I Skip Moult,*,*,*,,
15062018,*,*,17062018,12,Banc Bradelle,CCGS Perley,R.ALLAIN/M.MORIYASU/K.LANDRY,4726.051,6307.9842,76m,1,7,M,2.5,65.25,12.91,*,*,*,*,*,*,,**********,I,*,*,*,*,*,*,*,*,*,*,*,*,I Skip Moult ?,*,*,*,,
15062018,*,*,17062018,12,Banc Bradelle,CCGS Perley,R.ALLAIN/M.MORIYASU/K.LANDRY,4726.051,6307.9842,76m,1,8,M,3,74.64,13.5,*,*,*,*,*,*,,**********,I,*,*,*,*,*,*,*,*,*,*,*,*,I Skip Moult,*,*,*,,
15062018,*,*,17062018,12,Banc Bradelle,CCGS Perley,R.ALLAIN/M.MORIYASU/K.LANDRY,4726.051,6307.9842,76m,1,9,M,3,74.23,15.56,*,*,*,*,*,*,,**********,M,*,*,*,*,*,*,*,*,*,*,*,*,Dal,*,*,*,,
15062018,*,*,17062018,12,Banc Bradelle,CCGS Perley,R.ALLAIN/M.MORIYASU/K.LANDRY,4726.051,6307.9842,76m,1,10,M,2.5,78.37,16.41,*,*,*,*,*,*,,**********,M,*,*,*,*,*,*,*,*,*,*,*,*,Dal,*,*,*,,
15062018,*,*,17062018,12,Banc Bradelle,CCGS Perley,R.ALLAIN/M.MORIYASU/K.LANDRY,4726.051,6307.9842,76m,1,11,M,3,75.88,16.7,*,*,*,*,*,*,,**********,M,*,*,*,*,*,*,*,*,*,*,*,*,Dal,*,*,*,,
15062018,*,*,17062018,12,Banc Bradelle,CCGS Perley,R.ALLAIN/M.MORIYASU/K.LANDRY,4726.051,6307.9842,76m,1,12,M,2.5,68.47,13.07,*,*,*,*,*,*,,**********,I,*,*,*,*,*,*,*,*,*,*,*,*,I Skip Moult,*,*,*,,
15062018,*,*,17062018,12,Banc Bradelle,CCGS Perley,R.ALLAIN/M.MORIYASU/K.LANDRY,4726.051,6307.9842,76m,1,13,M,2.5,70.47,15.3,*,*,*,*,*,*,,**********,M,*,*,*,*,*,*,*,*,*,*,*,*,Dal,*,*,*,,
15062018,*,*,17062018,12,Banc Bradelle,CCGS Perley,R.ALLAIN/M.MORIYASU/K.LANDRY,4726.051,6307.9842,76m,1,14,M,2.5,74.21,15.15,*,*,*,*,*,*,,**********,I,*,*,*,*,*,*,*,*,*,*,*,*,I Skip Moult,*,*,*,,
15062018,*,*,17062018,12,Banc Bradelle,CCGS Perley,R.ALLAIN/M.MORIYASU/K.LANDRY,4726.051,6307.9842,76m,1,15,M,3,77.17,16.58,*,*,*,*,*,*,,**********,I,*,*,*,*,*,*,*,*,*,*,*,*,I Skip Moult ?,*,*,*,,
15062018,*,*,17062018,12,Banc Bradelle,CCGS Perley,R.ALLAIN/M.MORIYASU/K.LANDRY,4726.051,6307.9842,76m,1,16,M,3,79.05,17.71,*,*,*,*,*,*,,**********,M,*,*,*,*,*,*,*,*,*,*,*,*,Dal,*,*,*,,
15062018,*,*,17062018,12,Banc Bradelle,CCGS Perley,R.ALLAIN/M.MORIYASU/K.LANDRY,4726.051,6307.9842,76m,1,17,M,*,76.13,*,*,*,*,*,*,*,,**********,*,*,*,*,*,*,*,*,*,*,*,*,*,Dal,*,*,*,,
15062018,*,*,17062018,12,Banc Bradelle,CCGS Perley,R.ALLAIN/M.MORIYASU/K.LANDRY,4726.051,6307.9842,76m,1,18,M,*,72.07,*,*,*,*,*,*,*,,**********,*,*,*,*,*,*,*,*,*,*,*,*,*,Dal,*,*,*,,
15062018,*,*,17062018,12,Banc Bradelle,CCGS Perley,R.ALLAIN/M.MORIYASU/K.LANDRY,4726.051,6307.9842,76m,1,19,M,*,80.22,*,*,*,*,*,*,*,,**********,*,*,*,*,*,*,*,*,*,*,*,*,*,Dal,*,*,*,,
15062018,*,*,17062018,12,Banc Bradelle,CCGS Perley,R.ALLAIN/M.MORIYASU/K.LANDRY,4726.051,6307.9842,76m,1,20,M,*,87.09,*,*,*,*,*,*,*,,**********,*,*,*,*,*,*,*,*,*,*,*,*,*,Dal,*,*,*,,
15062018,*,*,17062018,12,Banc Bradelle,CCGS Perley,R.ALLAIN/M.MORIYASU/K.LANDRY,4726.051,6307.9842,76m,1,21,M,*,77.45,*,*,*,*,*,*,*,,**********,*,*,*,*,*,*,*,*,*,*,*,*,*,Dal,*,*,*,,
15062018,*,*,17062018,12,Banc Bradelle,CCGS Perley,R.ALLAIN/M.MORIYASU/K.LANDRY,4726.051,6307.9842,76m,1,22,M,*,60.11,*,*,*,*,*,*,*,,**********,*,*,*,*,*,*,*,*,*,*,*,*,*,Dal,*,*,*,,
,,,,,,,,,,,,,,,,,,,,,,,,,,,,,,,,,,,,,,,,,,,
16062018,7:30,*,17062018,12,Banc Bradelle,CCGS Perley,R.ALLAIN/M.MORIYASU/K.LANDRY,4726.051,6307.9842,76m,2,14,F,4,74.01,*,43.37,OC,*,*,90,Beige,Eggs Orange Spot,**********,M,*,*,*,50.390,30.320,42.020,64.100,4.260,16.010,39.620,6.120,18.770,Dal  Egg #40,91.3,1.6005,3.9962,,
16062018,7:30,*,17062018,12,Banc Bradelle,CCGS Perley,R.ALLAIN/M.MORIYASU/K.LANDRY,4726.051,6307.9842,76m,2,15,F,4,63.93,*,44.7,OC,*,*,100,Beige,Eggs Orange Spot,**********,M,*,*,*,48.580,27.430,38.110,51.060,2.860,23.360,62.060,4.410,16.710,Dal  Egg #43,104.5,1.5978,4.5106,,
16062018,7:30,*,17062018,12,Banc Bradelle,CCGS Perley,R.ALLAIN/M.MORIYASU/K.LANDRY,4726.051,6307.9842,76m,2,16,F,4,61.2,*,42.21,OC,*,*,100,Beige,Eggs Orange Spot,**********,M,*,*,*,50.540,27.430,40.730,61.110,5.410,16.980,65.000,4.710,19.290,Dal  Egg #46,79.2,1.2972,4.6982,,
16062018,7:30,*,17062018,12,Banc Bradelle,CCGS Perley,R.ALLAIN/M.MORIYASU/K.LANDRY,4726.051,6307.9842,76m,2,17,F,4,69.94,*,48.22,OC,*,*,100,Beige,Eggs Orange Spot,**********,M,*,*,*,50.120,34.620,41.500,58.350,13.300,23.850,51.350,3.680,32.850,Dal  Egg #49,138.4,2.3089,5.0869,,
16062018,7:30,*,17062018,12,Banc Bradelle,CCGS Perley,R.ALLAIN/M.MORIYASU/K.LANDRY,4726.051,6307.9842,76m,2,18,F,3,55.12,*,39.76,OC,*,*,100,Beige,Eggs Orange Spot,**********,M,*,*,*,51.810,29.180,44.220,60.600,11.890,22.810,56.440,3.750,28.980,Dal  Egg #52,62.3,0.6557,2.5098,,
16062018,7:30,*,17062018,12,Banc Bradelle,CCGS Perley,R.ALLAIN/M.MORIYASU/K.LANDRY,4726.051,6307.9842,76m,2,19,F,4,68.75,*,48.33,OC,*,*,100,Beige,Eggs Orange Spot,**********,M,*,*,*,52.110,31.660,43.990,61.470,3.430,14.980,51.280,4.730,31.090,Dal  Egg #55,122.3,2.3206,4.3618,,
16062018,7:30,*,17062018,12,Banc Bradelle,CCGS Perley,R.ALLAIN/M.MORIYASU/K.LANDRY,4726.051,6307.9842,76m,2,20,F,4,56.97,*,40.39,OC,*,*,100,Beige,Eggs Orange Spot,**********,M,*,*,*,49.210,28.600,39.670,63.410,5.000,20.540,44.260,4.100,18.130,Dal  Egg #58,70,1.1224,3.5232,,
16062018,7:30,*,17062018,12,Banc Bradelle,CCGS Perley,R.ALLAIN/M.MORIYASU/K.LANDRY,4726.051,6307.9842,76m,2,21,F,4,64.12,*,43.93,OC,*,*,100,Beige,Eggs Orange Spot,**********,M,*,*,*,50.990,28.430,42.240,62.030,5.140,20.940,45.900,5.690,23.790,Dal  Egg #61,101,1.3313,3.7107,,
16062018,7:30,*,17062018,12,Banc Bradelle,CCGS Perley,R.ALLAIN/M.MORIYASU/K.LANDRY,4726.051,6307.9842,76m,2,22,F,4,59.72,*,42.16,OC,*,*,50,Beige,Eggs Orange Spot,**********,M,*,*,*,45.780,25.140,35.320,56.280,9.500,27.200,33.850,5.290,8.960,Dal  Egg #64,72,0.7396,3.5842,,
16062018,7:30,*,17062018,12,Banc Bradelle,CCGS Perley,R.ALLAIN/M.MORIYASU/K.LANDRY,4726.051,6307.9842,76m,2,23,F,4,68.63,*,45.22,OC,*,*,100,Beige,Eggs Orange Spot,**********,M,*,*,*,48.520,32.580,41.590,59.020,6.410,18.930,50.930,8.430,33.760,Dal  Egg #67,122.7,1.8481,6.0279,,
16062018,7:30,*,17062018,12,Banc Bradelle,CCGS Perley,R.ALLAIN/M.MORIYASU/K.LANDRY,4726.051,6307.9842,76m,2,24,F,4,59.51,*,42.72,OC,*,*,100,Beige,Eggs Orange Spot,**********,M,*,*,*,50.770,29.550,42.300,68.900,4.670,19.660,44.940,3.690,22.840,Dal  Egg #70,93.8,1.3666,4.4542,,
16062018,7:30,*,17062018,12,Banc Bradelle,CCGS Perley,R.ALLAIN/M.MORIYASU/K.LANDRY,4726.051,6307.9842,76m,2,25,F,4,61.95,*,43.93,OC,*,*,100,Beige,Eggs Orange Spot,**********,M,*,*,*,49.740,28.650,48.450,62.490,3.300,17.200,46.910,5.540,21.640,Dal  Egg #73,93,1.7308,3.7287,,
16062018,7:30,*,17062018,12,Banc Bradelle,CCGS Perley,R.ALLAIN/M.MORIYASU/K.LANDRY,4726.051,6307.9842,76m,2,26,F,4,65.51,*,44.16,OC,*,*,90,Beige,Eggs Orange Spot,**********,M,*,*,*,50.020,26.310,39.650,58.320,5.900,19.400,40.370,3.900,17.160,Dal  Egg #76,95.7,1.6664,3.9568,,
16062018,7:30,*,17062018,12,Banc Bradelle,CCGS Perley,R.ALLAIN/M.MORIYASU/K.LANDRY,4726.051,6307.9842,76m,2,27,F,4,67.61,*,47.92,OC,*,*,100,Beige,Eggs Orange Spot,**********,M,*,*,*,49.020,29.680,38.650,62.500,6.860,16.770,56.760,3.110,30.950,Dal  Egg #79,118.8,2.7468,6.0171,,
16062018,7:30,*,17062018,12,Banc Bradelle,CCGS Perley,R.ALLAIN/M.MORIYASU/K.LANDRY,4726.051,6307.9842,76m,2,28,F,4,62.84,*,43.97,OC,*,*,75,Beige,Eggs Orange Spot,**********,M,*,*,*,45.910,27.140,37.070,60.590,8.670,22.880,41.970,5.900,19.440,Dal  Egg #82,76.6,1.2146,4.7705,,
16062018,7:30,*,17062018,12,Banc Bradelle,CCGS Perley,R.ALLAIN/M.MORIYASU/K.LANDRY,4726.051,6307.9842,76m,2,29,F,4,60.54,*,42.29,OC,*,*,100,Beige,Eggs Orange Spot,**********,M,*,*,*,49.180,31.690,38.060,62.520,7.370,17.290,50.680,3.440,24.810,Dal  Egg #85,84.6,1.1987,3.5348,,
16062018,7:30,*,17062018,12,Banc Bradelle,CCGS Perley,R.ALLAIN/M.MORIYASU/K.LANDRY,4726.051,6307.9842,76m,2,30,F,4,63.85,*,48.09,OC,*,*,100,Beige,Eggs Orange Spot,**********,M,*,*,*,47.560,30.340,39.780,62.230,6.070,17.350,42.530,4.980,19.960,Dal  Egg #90,102.3,1.8708,4.5362,,
16062018,7:30,*,17062018,12,Banc Bradelle,CCGS Perley,R.ALLAIN/M.MORIYASU/K.LANDRY,4726.051,6307.9842,76m,2,31,F,4,51.49,*,41.58,OC,*,*,100,Beige,Pico orange/Peu picot noir,**********,M,*,*,*,49.210,27.500,39.880,57.470,15.780,22.000,49.960,3.830,23.280,Dal  Egg #91,83.5,1.7047,3.675,,
16062018,7:30,*,17062018,12,Banc Bradelle,CCGS Perley,R.ALLAIN/M.MORIYASU/K.LANDRY,4726.051,6307.9842,76m,2,32,F,4,65.36,*,47.12,OC,*,*,100,Beige,Eggs Orange Spot,**********,M,*,*,*,49.210,31.190,40.220,49.07,7.25,33.11,63.010,4.780,15.280,Dal  Egg #94,112.6,1.9315,4.3135,,
16062018,7:30,*,17062018,12,Banc Bradelle,CCGS Perley,R.ALLAIN/M.MORIYASU/K.LANDRY,4726.051,6307.9842,76m,2,33,F,4,62.9,*,42.1,OF,*,*,100,O,Eggs Orange Spot,**********,M,*,*,*,37.91,23.66,22.1,49.590,34.890,42.130,46.640,8.190,27.370,Dal  Egg #97,106.3,5.4103,5.6251,,
16062018,7:30,*,17062018,12,Banc Bradelle,CCGS Perley,R.ALLAIN/M.MORIYASU/K.LANDRY,4726.051,6307.9842,76m,2,34,F,4,56.6,*,40.77,OC,*,*,100,Beige,Eggs Orange Spot,**********,M,*,*,*,48.620,28.830,39.700,57.700,9.700,20.700,43.060,3.860,16.530,Dal  Egg #100,80.6,1.2216,3.4457,,
16062018,7:30,*,17062018,12,Banc Bradelle,CCGS Perley,R.ALLAIN/M.MORIYASU/K.LANDRY,4726.051,6307.9842,76m,2,35,F,4,62.49,*,42.13,OC,*,*,50,OC,Points noir orange,**********,M,*,*,*,44.260,25.840,34.880,49.790,10.440,16.210,44.770,4.470,14.470,Dal  Egg #103,91.8,1.7131,4.1571,,
16062018,7:30,*,17062018,12,Banc Bradelle,CCGS Perley,R.ALLAIN/M.MORIYASU/K.LANDRY,4726.051,6307.9842,76m,2,36,F,4,58.23,*,41.91,OC,*,*,100,Beige,Eggs Orange Spot,**********,M,*,*,*,43.990,29.540,35.460,60.990,6.550,19.950,39.840,4.740,18.800,Dal  Egg #106,80.4,1.0754,2.8187,,
16062018,7:30,*,17062018,12,Banc Bradelle,CCGS Perley,R.ALLAIN/M.MORIYASU/K.LANDRY,4726.051,6307.9842,76m,2,37,F,4,62.5,*,44.28,OC,*,*,90,OC,Eggs Orange Spot,**********,M,*,*,*,48.330,29.240,39.200,54.420,17.110,27.260,45.370,7.550,27.850,Dal  Egg #109,88,1.6624,4.8199,,
16062018,7:30,*,17062018,12,Banc Bradelle,CCGS Perley,R.ALLAIN/M.MORIYASU/K.LANDRY,4726.051,6307.9842,76m,2,38,F,4,67.35,*,46.29,OC,*,*,100,Beige,Point orange et noir,**********,M,*,*,*,47.800,28.820,39.140,60.750,6.330,18.930,45.710,3.580,19.810,Dal  Egg #112,*,1.9062,4.3888,,
16062018,7:30,*,17062018,12,Banc Bradelle,CCGS Perley,R.ALLAIN/M.MORIYASU/K.LANDRY,4726.051,6307.9842,76m,2,39,F,4,56.23,*,37.49,OC,*,*,100,OC,Eggs Orange Spot,**********,M,*,*,*,52.180,31.470,44.420,59.940,17.490,30.600,57.250,2.380,29.500,Dal  Egg #115,79.1,1.531,3.3655,,
16062018,7:30,*,17062018,12,Banc Bradelle,CCGS Perley,R.ALLAIN/M.MORIYASU/K.LANDRY,4726.051,6307.9842,76m,2,40,F,4,55.48,*,39.56,OC,*,*,100,Beige,Eggs Orange Spot,**********,M,*,*,*,50.540,30.580,43.220,60.640,5.580,21.900,27.890,5.180,3.780,Dal  Egg #118,64,1.0419,2.2862,,
,,,,,,,,,,,,,,,,,,,,,,,,,,,,,,,,,,,,,,,,,,,
13082018,10:00,*,14082018,19,14 Miles off Cheticamp,CCGS Perley,ALLAIN/MORIYASU/LANDRY/CORMIER,*,*,*,*,41,F,4,62.89,*,44.51,OF,*,*,100,OC,*,**********,M,+,*,*,45.810,23.560,30.000,57.320,18.210,33.850,33.540,9.040,10.410,*,105.6,1.6584,6.5097,,
13082018,10:00,*,14082018,19,14 Miles off Cheticamp,CCGS Perley,ALLAIN/MORIYASU/LANDRY/CORMIER,*,*,*,*,42,F,4,63.26,*,44.78,O,*,*,100,O,*,**********,M,1,*,*,42.590,23.390,25.660,55.110,34.460,47.410,52.540,7.410,23.240,*,123.5,6.2291,7.0319,,
13082018,10:00,*,14082018,19,14 Miles off Cheticamp,CCGS Perley,ALLAIN/MORIYASU/LANDRY/CORMIER,*,*,*,*,43,F,4,67.66,*,48.44,OF,*,*,100,O,*,**********,M,+,*,*,43.470,20.210,21.710,57.740,31.580,50.040,45.740,6.820,16.410,*,139.9,6.8396,8.1182,,
13082018,10:00,*,14082018,19,14 Miles off Cheticamp,CCGS Perley,ALLAIN/MORIYASU/LANDRY/CORMIER,*,*,*,*,44,F,4,60.81,*,43.08,OF,*,*,100,O,*,*1********,M,1,*,*,42.390,19.790,21.970,56.400,32.550,48.330,48.530,7.660,21.220,*,98.3,5.1316,4.2698,,
13082018,10:00,*,14082018,19,14 Miles off Cheticamp,CCGS Perley,ALLAIN/MORIYASU/LANDRY/CORMIER,*,*,*,*,45,F,4,52.59,*,37.65,OC,*,*,100,O,*,******1***,M,*,*,*,47.880,20.880,25.990,54.810,32.800,44.120,53.510,5.900,25.780,*,70.4,3.3409,3.9792,,
13082018,10:00,*,14082018,19,14 Miles off Cheticamp,CCGS Perley,ALLAIN/MORIYASU/LANDRY/CORMIER,*,*,*,*,46,F,3,55.41,*,38.43,OF,*,*,100,O,*,**********,M,3,*,*,46.320,26.970,24.700,58.850,26.120,42.070,49.640,7.350,18.260,*,76.5,1.967,5.2352,,
13082018,10:00,*,14082018,19,14 Miles off Cheticamp,CCGS Perley,ALLAIN/MORIYASU/LANDRY/CORMIER,*,*,*,*,47,F,4,64.72,*,42.86,OF,*,*,100,O,*,**********,M,+,*,*,45.520,22.020,23.750,54.090,31.190,42.190,52.380,6.840,21.710,*,126.8,6.4475,7.0953,,
13082018,10:00,*,14082018,19,14 Miles off Cheticamp,CCGS Perley,ALLAIN/MORIYASU/LANDRY/CORMIER,*,*,*,*,48,F,4,60.65,*,44.04,OF,*,*,100,O,*,**********,M,*,*,*,43.720,20.640,21.680,55.810,31.200,45.580,47.890,7.990,23.340,*,112,4.7614,6.0518,,
13082018,10:00,*,14082018,19,14 Miles off Cheticamp,CCGS Perley,ALLAIN/MORIYASU/LANDRY/CORMIER,*,*,*,*,49,F,4,67.53,*,48.13,OF,*,*,100,O,*,**********,M,*,*,*,44.340,19.730,23.380,51.580,31.670,29.870,48.420,*,18.470,*,163,8.0817,9.1871,,
13082018,10:00,*,14082018,19,14 Miles off Cheticamp,CCGS Perley,ALLAIN/MORIYASU/LANDRY/CORMIER,*,*,*,*,50,F,2,49.62,*,34.63,OF,*,*,100,O,5% With eyes / Primipare,*1********,M,*,*,*,45.600,20.670,25.910,55.340,32.550,48.060,54.660,5.600,21.360,*,52,2.8498,3.7832,,
13082018,10:00,*,14082018,19,14 Miles off Cheticamp,CCGS Perley,ALLAIN/MORIYASU/LANDRY/CORMIER,*,*,*,*,51,F,2,46.84,*,30.98,OF,*,*,75,O,Primipare,**********,M,*,*,*,48.010,27.020,36.060,54.250,29.650,38.560,42.060,8.430,19.250,*,36,0.7957,2.8234,,
13082018,10:00,*,14082018,19,14 Miles off Cheticamp,CCGS Perley,ALLAIN/MORIYASU/LANDRY/CORMIER,*,*,*,*,52,F,2,48.35,*,31.5,OC,*,*,100,O,Primipare,**********,M,*,*,*,46.030,24.520,26.970,51.050,34.790,41.320,54.760,7.370,28.410,*,48.6,3.2537,3.8796,,
13082018,10:00,*,14082018,19,14 Miles off Cheticamp,CCGS Perley,ALLAIN/MORIYASU/LANDRY/CORMIER,*,*,*,*,53,F,2,51.65,*,35.21,OF,*,*,100,O,*,**********,M,*,*,*,45.180,22.030,25.800,53.940,35.260,44.610,57.060,5.370,27.030,*,61.2,3.3112,3.8006,,
13082018,10:00,*,14082018,19,14 Miles off Cheticamp,CCGS Perley,ALLAIN/MORIYASU/LANDRY/CORMIER,*,*,*,*,54,F,4,64.35,*,46.3,OC,*,*,100,OC,*,**********,M,*,*,*,48.280,23.830,28.820,60.240,23.030,38.220,46.630,7.720,14.620,*,113.3,1.8033,7.5669,,
13082018,10:00,*,14082018,19,14 Miles off Cheticamp,CCGS Perley,ALLAIN/MORIYASU/LANDRY/CORMIER,*,*,*,*,55,F,4,64.66,*,42.5,OF,*,*,50,O,*,**********,M,+,*,*,46.680,27.350,36.220,56.170,28.240,43.400,43.550,8.750,16.120,*,93.8,1.7718,8.1006,,
13082018,10:00,*,14082018,19,14 Miles off Cheticamp,CCGS Perley,ALLAIN/MORIYASU/LANDRY/CORMIER,*,*,*,*,56,F,4,63.04,*,44.31,OF,*,*,100,O,*,****1*****,M,*,*,*,40.610,18.470,19.820,56.100,23.730,40.110,39.230,8.270,9.660,*,102.3,3.0003,5.9782,,
13082018,10:00,*,14082018,19,14 Miles off Cheticamp,CCGS Perley,ALLAIN/MORIYASU/LANDRY/CORMIER,*,*,*,*,57,F,4,60.98,*,40.79,OF,*,*,100,O,*,1**7**1**1,M,+,*,*,38.560,22.390,15.840,54.360,34.480,47.960,41,7.62,12.63,*,83.1,3.8433,4.9725,,
13082018,10:00,*,14082018,19,14 Miles off Cheticamp,CCGS Perley,ALLAIN/MORIYASU/LANDRY/CORMIER,*,*,*,*,58,F,4,65.44,*,43.98,OC,*,*,100,OC,*,***1*****1,M,*,*,*,46.030,25.340,29.650,59.450,15.230,30.660,45.72,7.93,13.64,*,123.9,2.1116,7.3296,,
13082018,10:00,*,14082018,19,14 Miles off Cheticamp,CCGS Perley,ALLAIN/MORIYASU/LANDRY/CORMIER,*,*,*,*,59,F,4,65.18,*,47.11,OF,*,*,100,OC,*,**********,M,*,*,*,45.940,29.100,25.570,59.360,25.660,42.330,46.73,7.76,20.1,*,134.8,2.2332,6.4676,,
13082018,10:00,*,14082018,19,14 Miles off Cheticamp,CCGS Perley,ALLAIN/MORIYASU/LANDRY/CORMIER,*,*,*,*,60,F,2,55.35,*,35.87,OF,*,*,100,O,Primipare,**11******,M,*,*,*,40.720,25.510,15.930,52.790,39.310,48.010,53.68,8.97,27.16,*,56.8,3.4374,3.8248,,
13082018,10:00,*,14082018,19,14 Miles off Cheticamp,CCGS Perley,ALLAIN/MORIYASU/LANDRY/CORMIER,*,*,*,*,61,F,4,64.36,*,45.82,OF,*,*,100,OC,*,**********,M,+,*,*,47.680,24.000,30.420,61.130,21.290,39.080,37.29,6.95,8.15,*,135,2.103,6.4693,,
13082018,10:00,*,14082018,19,14 Miles off Cheticamp,CCGS Perley,ALLAIN/MORIYASU/LANDRY/CORMIER,*,*,*,*,62,F,4,47.15,*,33.25,OF,*,*,100,O,*,**********,M,*,*,*,43.440,28.130,27.600,53.830,31.890,42.700,47.5,7.74,21.27,*,42.4,0.9546,2.9644,,
13082018,10:00,*,14082018,19,14 Miles off Cheticamp,CCGS Perley,ALLAIN/MORIYASU/LANDRY/CORMIER,*,*,*,*,63,F,4,62.84,*,43.47,OF,*,*,100,O,*,1*1*******,M,*,*,*,39.790,23.310,19.030,58.460,29.090,47.630,48.24,6.82,17.43,*,110.6,3.4196,6.1642,,
13082018,10:00,*,14082018,19,14 Miles off Cheticamp,CCGS Perley,ALLAIN/MORIYASU/LANDRY/CORMIER,*,*,*,*,64,F,4,67.11,*,47.71,OF,*,*,100,OC,*,**********,M,*,*,*,41.420,25.360,24.100,55.900,22.920,33.920,40.77,10.72,8.51,*,132.8,2.5,8.3412,,
13082018,10:00,*,14082018,19,14 Miles off Cheticamp,CCGS Perley,ALLAIN/MORIYASU/LANDRY/CORMIER,*,*,*,*,65,F,4,61.79,*,41.76,OF,*,*,25,O,*,*1********,M,*,*,*,40.040,21.350,15.670,58.790,27.020,46.950,40.53,7.76,9.57,*,81.4,2.6285,5.0892,,
13082018,10:00,*,14082018,19,14 Miles off Cheticamp,CCGS Perley,ALLAIN/MORIYASU/LANDRY/CORMIER,*,*,*,*,66,F,4,60.44,*,41.96,OF,*,*,25,B,Sinile,**********,M,+,*,*,39.140,18.000,15.070,57.090,9.020,25.750,32.03,8.79,6.26,*,80.6,0.8729,3.6856,,
13082018,10:00,*,14082018,19,14 Miles off Cheticamp,CCGS Perley,ALLAIN/MORIYASU/LANDRY/CORMIER,*,*,*,*,67,F,3,56.03,*,34.48,OF,*,*,100,O,Primipare?,***1******,M,*,*,*,44.040,22.980,25.190,53.580,36.660,45.990,54.24,7.53,27.44,*,71.9,3.6919,4.8765,,
13082018,10:00,*,14082018,19,14 Miles off Cheticamp,CCGS Perley,ALLAIN/MORIYASU/LANDRY/CORMIER,*,*,*,*,68,F,4,48.28,*,31.52,OF,*,*,100,O,*,1****1***1,M,*,*,*,40.990,17.680,18.040,57.240,31.330,48.450,46.47,8.56,21.74,*,56.7,2.5909,2.6121,,
13082018,10:00,*,14082018,19,14 Miles off Cheticamp,CCGS Perley,ALLAIN/MORIYASU/LANDRY/CORMIER,*,*,*,*,69,F,4,57.38,*,39.57,OF,*,*,100,O,*,********7*,M,2,*,*,41.240,18.550,21.650,56.730,27.610,45.980,46.33,6.66,15.31,*,84.8,3.6682,5.0483,,
13082018,10:00,*,14082018,19,14 Miles off Cheticamp,CCGS Perley,ALLAIN/MORIYASU/LANDRY/CORMIER,*,*,*,*,70,F,4,58.64,*,41.33,OF,*,*,100,O,*,*********2,M,*,*,*,42.930,21.200,18.560,54.070,35.060,45.880,50.15,7.94,24.72,*,112.4,5.4041,6.0556,,
13082018,10:00,*,14082018,19,14 Miles off Cheticamp,CCGS Perley,ALLAIN/MORIYASU/LANDRY/CORMIER,*,*,*,*,71,F,3,52.22,*,33.98,OF,*,*,100,O,Spiro / Primipare?,1**********,M,*,*,*,44.620,23.170,28.330,53.360,35.200,46.570,50.78,6.58,24.17,*,61,3.914,3.0997,,
13082018,10:00,*,14082018,19,14 Miles off Cheticamp,CCGS Perley,ALLAIN/MORIYASU/LANDRY/CORMIER,*,*,*,*,72,F,4,52.27,*,33.61,OF,*,*,100,O,*,**********,M,3,*,*,46.070,27.830,31.840,49.540,20.620,22.190,52.72,8.02,24.87,*,65.2,1.3035,4.8846,,
13082018,10:00,*,14082018,19,14 Miles off Cheticamp,CCGS Perley,ALLAIN/MORIYASU/LANDRY/CORMIER,*,*,*,*,73,F,4,44.69,*,30.96,OF,*,*,100,O,*,****1*****,M,1,*,*,43.430,21.780,28.220,53.500,33.470,44.210,56.62,7.64,32.69,*,48.1,2.1946,1.973,,
13082018,10:00,*,14082018,19,14 Miles off Cheticamp,CCGS Perley,ALLAIN/MORIYASU/LANDRY/CORMIER,*,*,*,*,74,F,4,63.96,*,46.22,OF,*,*,100,O,*,**********,M,*,*,*,43.640,22.170,24.880,58.180,29.690,46.900,48.05,7.73,16.44,*,127.4,5.0746,7.9467,,
13082018,10:00,*,14082018,19,14 Miles off Cheticamp,CCGS Perley,ALLAIN/MORIYASU/LANDRY/CORMIER,*,*,*,*,75,F,4,70.19,*,48.37,OF,*,*,100,OC,*,**********,M,*,*,*,49.250,27.860,39.110,57.090,21.240,37.970,43.98,9.27,18.32,*,137.2,2.907,8.5611,,
13082018,10:00,*,14082018,19,14 Miles off Cheticamp,CCGS Perley,ALLAIN/MORIYASU/LANDRY/CORMIER,*,*,*,*,76,F,4,69.55,*,48.05,OF,*,*,100,O,No Gonad / No Hepato Color,**********,M,*,*,*,*,*,*,*,*,*,*,*,*,No colorimetre,140.1,8.525,7.7261,,
13082018,10:00,*,14082018,19,14 Miles off Cheticamp,CCGS Perley,ALLAIN/MORIYASU/LANDRY/CORMIER,*,*,*,*,77,F,4,70.68,*,48.96,OF,*,*,100,O,*,**********,M,2,*,*,40.380,24.300,19.990,53.200,36.610,47.220,45.83,8.57,19.83,*,135.2,7.5436,7.5618,,
13082018,10:00,*,14082018,19,14 Miles off Cheticamp,CCGS Perley,ALLAIN/MORIYASU/LANDRY/CORMIER,*,*,*,*,78,F,4,77.73,*,54.03,OC,*,*,100,OC,*,**********,M,4,*,*,49.590,23.860,36.370,59.910,13.840,30.310,43.56,6.75,9.35,*,187.1,2.9502,8.0506,,
13082018,10:00,*,14082018,19,14 Miles off Cheticamp,CCGS Perley,ALLAIN/MORIYASU/LANDRY/CORMIER,*,*,*,*,79,F,4,72.01,*,47.32,OF,*,*,100,O,*,*******1**,M,+,*,*,40.720,26.920,23.500,52.810,32.900,45.850,44.81,7.39,15.88,*,151.4,6.6188,8.8411,,
13082018,10:00,*,14082018,19,14 Miles off Cheticamp,CCGS Perley,ALLAIN/MORIYASU/LANDRY/CORMIER,*,*,*,*,80,F,4,65.79,*,46.54,OF,*,*,100,O,*,1*****1***,M,*,*,*,40.120,21.350,17.010,56.450,27.800,44.740,42.31,8.7,12.51,*,99.9,3.7663,6.6893,,
13082018,10:00,*,14082018,19,14 Miles off Cheticamp,CCGS Perley,ALLAIN/MORIYASU/LANDRY/CORMIER,*,*,*,*,81,F,4,75.24,*,52.74,OF,*,*,100,O,*,**********,M,*,*,*,48.980,29.390,34.090,58.570,29.150,45.570,43.23,8.71,13.29,*,158.7,4.3484,9.7872,,
13082018,10:00,*,14082018,19,14 Miles off Cheticamp,CCGS Perley,ALLAIN/MORIYASU/LANDRY/CORMIER,*,*,*,*,82,F,4,67.25,*,44.64,OF,*,*,100,O,*,**********,M,+,*,*,42.470,25.130,20.220,54.640,34.040,48.640,47.32,7.73,18.42,Dactyle G2,138.2,5.2992,7.4048,,
13082018,10:00,*,14082018,19,14 Miles off Cheticamp,CCGS Perley,ALLAIN/MORIYASU/LANDRY/CORMIER,*,*,*,*,83,F,4,65.31,*,43.51,OF,*,*,100,O,*,1***1****1,M,+,*,*,41.180,22.600,19.540,57.180,26.330,44.570,38.03,8.37,9.22,*,106.4,3.0347,4.7314,,
13082018,10:00,*,14082018,19,14 Miles off Cheticamp,CCGS Perley,ALLAIN/MORIYASU/LANDRY/CORMIER,*,*,*,*,84,F,4,86.31,*,50.85,OF,*,*,100,O,*,**1*******,M,+,*,*,39.890,22.440,21.470,56.070,28.740,44.610,37.07,8.61,6.55,*,197.7,5.6523,10.0797,,
13082018,10:00,*,14082018,19,14 Miles off Cheticamp,CCGS Perley,ALLAIN/MORIYASU/LANDRY/CORMIER,*,*,*,*,85,F,4,70.01,*,48.8,OF,*,*,100,OC,*,********1*,M,*,*,*,49.66,23.69,35.89,60.08,16.43,34.68,37.58,8.94,9.61,*,130.3,2.1511,7.2822,,
13082018,10:00,*,14082018,19,14 Miles off Cheticamp,CCGS Perley,ALLAIN/MORIYASU/LANDRY/CORMIER,*,*,*,*,86,F,4,72.52,*,49.93,OF,*,*,100,O,*,**********,M,*,*,*,46,19.45,26.01,55,30.83,44.44,50.81,7.51,17.21,*,179.3,8.7651,9.2981,,
13082018,10:00,*,14082018,19,14 Miles off Cheticamp,CCGS Perley,ALLAIN/MORIYASU/LANDRY/CORMIER,*,*,*,*,87,F,4,53.92,*,35.89,OF,*,*,100,O,*,**********,M,*,*,*,45.8,26.66,25.73,55.73,30.02,42.47,50.45,7.95,19.61,*,72.8,1.8951,5.1133,,
13082018,10:00,*,14082018,19,14 Miles off Cheticamp,CCGS Perley,ALLAIN/MORIYASU/LANDRY/CORMIER,*,*,*,*,88,F,4,69.84,*,48.51,OF,*,*,100,OC,*,**********,M,*,*,*,48.52,23.38,30.86,61.59,15.06,34,37.3,7.71,8.17,*,129.3,2.076,7.2221,,
13082018,10:00,*,14082018,19,14 Miles off Cheticamp,CCGS Perley,ALLAIN/MORIYASU/LANDRY/CORMIER,*,*,*,*,89,F,4,69.99,*,43.65,OF,*,*,100,O,*,********2*,M,+,*,*,42.68,22.53,21.05,55.9,34.24,48.83,41.84,8.28,11.41,*,118.6,3.9767,7.1276,,
13082018,10:00,*,14082018,19,14 Miles off Cheticamp,CCGS Perley,ALLAIN/MORIYASU/LANDRY/CORMIER,*,*,*,*,90,F,4,59.73,*,40.22,OF,*,*,100,O,*,*********1,M,4,*,*,48.33,27.86,31.43,56.23,31.49,44.47,42.45,6.42,8.12,*,80.9,1.9754,6.0867,,
13082018,10:00,*,14082018,19,14 Miles off Cheticamp,CCGS Perley,ALLAIN/MORIYASU/LANDRY/CORMIER,*,*,*,*,91,F,4,57.9,*,40.44,OF,*,*,100,O,*,**********,M,*,*,*,44.13,22.83,19.93,55.86,32.21,47.87,51.71,6.63,20.04,*,88.8,4.6854,5.5833,,
13082018,10:00,*,14082018,19,14 Miles off Cheticamp,CCGS Perley,ALLAIN/MORIYASU/LANDRY/CORMIER,*,*,*,*,92,F,4,63.5,*,42.31,OF,*,*,100,OC,*,**********,M,*,*,*,46.63,30.08,31.22,56.35,18.12,31.16,47.73,8.62,16.47,*,95.7,1.4422,6.3782,,
13082018,10:00,*,14082018,19,14 Miles off Cheticamp,CCGS Perley,ALLAIN/MORIYASU/LANDRY/CORMIER,*,*,*,*,93,F,4,69.93,*,47.76,OF,*,*,100,O,*,*1**1*****,M,1,*,*,44.21,23.72,22.18,56.71,32.35,45.88,48.38,7.35,13.93,*,142.6,6.8168,9.0091,,
13082018,10:00,*,14082018,19,14 Miles off Cheticamp,CCGS Perley,ALLAIN/MORIYASU/LANDRY/CORMIER,*,*,*,*,94,F,4,59.89,*,40.93,OF,*,*,100,O,*,****2*****,M,*,*,*,42.57,21.89,18.51,56.18,33.49,47.03,49.95,8.92,17.89,*,102.2,5.4572,6.2394,,
13082018,10:00,*,14082018,19,14 Miles off Cheticamp,CCGS Perley,ALLAIN/MORIYASU/LANDRY/CORMIER,*,*,*,*,95,F,4,66.23,*,44.01,OF,*,*,100,OC,*,**********,M,1,*,*,48.85,25.75,32.85,57.3,16.4,31.28,39.35,9.05,9.67,*,120.7,2.1828,7.9522,,
13082018,10:00,*,14082018,19,14 Miles off Cheticamp,CCGS Perley,ALLAIN/MORIYASU/LANDRY/CORMIER,*,*,*,*,96,F,4,65.08,*,44.38,OF,*,*,100,O,*,*********7,M,1,*,*,43.12,20.25,19.39,55.2,33.24,44.55,52.3,7.07,18.61,*,133.6,8.037,7.0782,,
13082018,10:00,*,14082018,19,14 Miles off Cheticamp,CCGS Perley,ALLAIN/MORIYASU/LANDRY/CORMIER,*,*,*,*,97,F,4,54.54,*,38.88,OF,*,*,100,O,*,2*********,M,*,*,*,44.13,25.01,20.28,56.06,34.1,46.18,52.44,7.22,16.55,*,82,3.6754,5.556,,
13082018,10:00,*,14082018,19,14 Miles off Cheticamp,CCGS Perley,ALLAIN/MORIYASU/LANDRY/CORMIER,*,*,*,*,98,F,4,61.59,*,43.99,OF,*,*,100,O,Gonad Point Noire,**********,M,*,*,*,41.59,24.59,17.94,54.21,35.54,46.81,47.45,11.2,25.04,*,112.7,5.0847,6.5736,,
13082018,10:00,*,14082018,19,14 Miles off Cheticamp,CCGS Perley,ALLAIN/MORIYASU/LANDRY/CORMIER,*,*,*,*,99,F,4,66.92,*,44.48,OF,*,*,100,O,*,**********,M,1,*,*,43.64,22.29,21.15,54.07,30.31,44.62,46.28,8.94,16.96,*,143.3,5.3157,7.7895,,
13082018,10:00,*,14082018,19,14 Miles off Cheticamp,CCGS Perley,ALLAIN/MORIYASU/LANDRY/CORMIER,*,*,*,*,100,F,4,69.13,*,48.25,OF,*,*,100,OC,*,**********,M,1,*,*,47.14,23.37,26.84,60.52,20.78,35.74,44.51,8.64,13.08,*,158.2,2.3876,7.4625,,
13082018,10:00,*,14082018,19,14 Miles off Cheticamp,CCGS Perley,ALLAIN/MORIYASU/LANDRY/CORMIER,*,*,*,*,101,F,4,64.07,*,43.3,OF,*,*,100,O,*,**********,M,*,*,*,43.52,22.31,19.53,57.58,31.41,47.63,48.28,8.25,16.04,*,117.7,6.7657,6.1836,,
13082018,10:00,*,14082018,19,14 Miles off Cheticamp,CCGS Perley,ALLAIN/MORIYASU/LANDRY/CORMIER,*,*,*,*,102,F,4,63.2,*,42.72,OF,*,*,100,OC,*,**********,M,*,*,*,44.13,24.11,27.68,60.52,14.29,31.13,43.66,8.67,10.86,*,92.7,1.346,5.5689,,
13082018,10:00,*,14082018,19,14 Miles off Cheticamp,CCGS Perley,ALLAIN/MORIYASU/LANDRY/CORMIER,*,*,*,*,103,F,4,61.17,*,41.62,OF,*,*,100,O,*,*******1**,M,1,*,*,45.64,24.03,23.11,56.46,32.39,45.8,53.85,6.93,17.66,*,110.2,4.443,6.2173,,
13082018,10:00,*,14082018,19,14 Miles off Cheticamp,CCGS Perley,ALLAIN/MORIYASU/LANDRY/CORMIER,*,*,*,*,104,F,4,66.3,*,44.13,OF,*,*,100,OC,*,*****1***1,M,1,*,*,48.23,25.7,26.17,59.3,24.61,39.91,42.66,7.41,15.42,*,109,2.4443,6.9366,,
13082018,10:00,*,14082018,19,14 Miles off Cheticamp,CCGS Perley,ALLAIN/MORIYASU/LANDRY/CORMIER,*,*,*,*,105,F,4,70,*,44.11,OF,*,*,100,OC,*,****1**7**,M,*,*,*,44.64,25.99,25.96,58.11,17.96,35.64,39.08,9.65,11.14,*,118,1.6111,6.8782,,
13082018,10:00,*,14082018,19,14 Miles off Cheticamp,CCGS Perley,ALLAIN/MORIYASU/LANDRY/CORMIER,*,*,*,*,106,F,4,75.71,*,52.89,OF,*,*,100,O,*,****7*****,M,1,*,*,42.01,20.84,18.21,54.54,29.58,44.97,41.49,8.68,10.3,*,206,7.5324,9.9611,,
13082018,10:00,*,14082018,19,14 Miles off Cheticamp,CCGS Perley,ALLAIN/MORIYASU/LANDRY/CORMIER,*,*,*,*,107,F,4,77.11,*,55.34,OF,*,*,100,O,*,**********,M,1,*,*,43.66,20.44,20.57,59.74,28.33,46.35,45.17,6.02,9.94,*,211.9,7.1727,10.9784,,
13082018,10:00,*,14082018,19,14 Miles off Cheticamp,CCGS Perley,ALLAIN/MORIYASU/LANDRY/CORMIER,*,*,*,*,108,F,4,65.92,*,47.09,OF,*,*,90,OC,*,**********,M,3,*,*,48.82,27.69,30.43,57.99,21.44,38.67,41.82,8.07,17.17,*,121.2,2.0974,7.3664,,
13082018,10:00,*,14082018,19,14 Miles off Cheticamp,CCGS Perley,ALLAIN/MORIYASU/LANDRY/CORMIER,*,*,*,*,109,F,4,72.01,*,50.85,OF,*,*,100,O,*,**********,M,1,*,*,46.14,23.16,25.91,56.13,32.99,45.24,46.28,5.97,8.28,*,160.4,6.9219,9.8095,,
13082018,10:00,*,14082018,19,14 Miles off Cheticamp,CCGS Perley,ALLAIN/MORIYASU/LANDRY/CORMIER,*,*,*,*,110,F,4,71.69,*,49.24,OF,*,*,100,OC,*,******1***,M,*,*,*,45.62,24.69,24.6,60.47,23.23,40.02,41.06,* ,7.02,*,155,2.4227,9.5071,,
13082018,10:00,*,14082018,19,14 Miles off Cheticamp,CCGS Perley,ALLAIN/MORIYASU/LANDRY/CORMIER,*,*,*,*,111,F,4,73.62,*,51.32,OF,*,*,100,O,*,**********,M,1,*,*,45.54,27.37,27.68,54.56,27.07,38.49,44.82,7.58,11.1,*,164.5,3.0781,9.4004,,
13082018,10:00,*,14082018,19,14 Miles off Cheticamp,CCGS Perley,ALLAIN/MORIYASU/LANDRY/CORMIER,*,*,*,*,112,F,4,59.8,*,41.46,OF,*,*,100,OC,*,**********,M,1,*,*,45.41,28.71,24.67,58.72,27.21,41.1,48.65,8.37,21.4,*,91.3,1.8462,6.1447,,
13082018,10:00,*,14082018,19,14 Miles off Cheticamp,CCGS Perley,ALLAIN/MORIYASU/LANDRY/CORMIER,*,*,*,*,113,F,4,56.44,*,37.8,OF,*,*,100,O,No Sample Hystologie,**********,M,1,*,*,49.61,29.18,32.83,54.57,29.67,41.56,45.5,8.58,18.11,*,69.2,1.4061,3.5618,,
13082018,10:00,*,14082018,19,14 Miles off Cheticamp,CCGS Perley,ALLAIN/MORIYASU/LANDRY/CORMIER,*,*,*,*,114,F,4,71.32,*,48.15,OF,*,*,90,O,*,**********,M,3,*,*,41.36,22.43,17.86,55.54,32.16,44.83,41.62,9.18,17.18,*,138.4,5.5028,9.4457,,
13082018,10:00,*,14082018,19,14 Miles off Cheticamp,CCGS Perley,ALLAIN/MORIYASU/LANDRY/CORMIER,*,*,*,*,115,F,4,70.41,*,48.46,OF,*,*,100,O,*,**********,M,3,*,*,43.49,21.65,24.12,54.49,31.07,45.12,47.28,8.28,19.04,*,143.9,5.8096,8.0009,,
13082018,10:00,*,14082018,19,14 Miles off Cheticamp,CCGS Perley,ALLAIN/MORIYASU/LANDRY/CORMIER,*,*,*,*,116,F,4,77.78,*,53.08,OF,*,*,100,O,No More Spermatech,**********,M,+,*,*,45.5,22.02,26.91,56.12,31.11,45.69,44.37,8.04,9.62,*,213,9.2918,11.6548,,
13082018,10:00,*,14082018,19,14 Miles off Cheticamp,CCGS Perley,ALLAIN/MORIYASU/LANDRY/CORMIER,*,*,*,*,117,F,4,70.57,*,48.46,OF,*,*,100,O,No Develop Sample,**1*******,M,7,*,*,44.38,21.82,20.96,53.19,36.65,45.57,45.94,7.78,13.71,*,138.3,7.0805,7.2144,,
13082018,10:00,*,14082018,19,14 Miles off Cheticamp,CCGS Perley,ALLAIN/MORIYASU/LANDRY/CORMIER,*,*,*,*,118,F,4,69.29,*,49.32,OF,*,*,100,O,*,1**1******,M,*,*,*,44.86,19.56,21.83,52.28,35.21,43.6,52.13,6.67,19.79,*,152.9,7.173,9.1383,,
13082018,10:00,*,14082018,19,14 Miles off Cheticamp,CCGS Perley,ALLAIN/MORIYASU/LANDRY/CORMIER,*,*,*,*,119,F,4,79.19,*,55.12,OF,*,*,100,O,*,**********,M,*,*,*,44.32,19.03,19.18,59.26,29.73,47.27,41.67,9.34,7.49,*,207.6,8.7,11.317,,
13082018,10:00,*,14082018,19,14 Miles off Cheticamp,CCGS Perley,ALLAIN/MORIYASU/LANDRY/CORMIER,*,*,*,*,120,F,4,63.77,*,45.22,OF,*,*,90,OC,*,**********,M,*,*,*,41.1,15.19,19.44,63.28,17.87,37.16,47.39,6.67,11.44,*,115.1,2.6397,7.701,,
13082018,10:00,*,14082018,19,14 Miles off Cheticamp,CCGS Perley,ALLAIN/MORIYASU/LANDRY/CORMIER,*,*,*,*,121,F,4,68.63,*,48.28,OF,*,*,100,O,*,*****1****,M,*,*,*,46.77,27.77,25,53.71,30.74,41.08,47.69,9.44,18.3,*,133.1,2.8027,9.305,,
13082018,10:00,*,14082018,19,14 Miles off Cheticamp,CCGS Perley,ALLAIN/MORIYASU/LANDRY/CORMIER,*,*,*,*,122,F,4,64.58,*,45.88,OF,*,*,100,O,*,*1**1*****,M,1,*,*,44.17,21.37,27.27,57.57,31.31,48.46,45.86,7.33,13.93,*,106.5,5.795,6.3652,,
13082018,10:00,*,14082018,19,14 Miles off Cheticamp,CCGS Perley,ALLAIN/MORIYASU/LANDRY/CORMIER,*,*,*,*,123,F,4,64.61,*,45.81,OF,*,*,100,O,*,**********,M,1,*,*,41.54,25.01,21.27,52.81,34.8,44.29,48.99,7.64,16.52,*,127,5.8391,6.2216,,
13082018,10:00,*,14082018,19,14 Miles off Cheticamp,CCGS Perley,ALLAIN/MORIYASU/LANDRY/CORMIER,*,*,*,*,124,F,4,55.97,*,41.92,OF,*,*,100,O,*,1********2,M,*,*,*,42.28,19.98,16.85,56.08,30.44,45.72,44.36,7.61,14.08,*,85,3.7614,4.345,,
13082018,10:00,*,14082018,19,14 Miles off Cheticamp,CCGS Perley,ALLAIN/MORIYASU/LANDRY/CORMIER,*,*,*,*,125,F,4,58.93,*,43.47,OF,*,*,100,OC,*,**********,M,*,*,*,45.77,23.2,23.55,54.91,21.16,35.92,50.84,10.26,23.32,*,99,1.3996,4.168,,
13082018,10:00,*,14082018,19,14 Miles off Cheticamp,CCGS Perley,ALLAIN/MORIYASU/LANDRY/CORMIER,*,*,*,*,126,F,4,62.98,*,43.79,OF,*,*,100,O,*,**1*******,M,1,*,*,42.16,22.46,23.09,56.72,22.03,37.56,48.69,9.59,25.44,*,96.1,5.0841,6.7735,,
13082018,10:00,*,14082018,19,14 Miles off Cheticamp,CCGS Perley,ALLAIN/MORIYASU/LANDRY/CORMIER,*,*,*,*,127,F,4,63.85,*,44.53,OF,*,*,100,O,*,1*********,M,*,*,*,40.08,22.91,21.59,55.47,32.68,47.06,45.22,7.79,16.62,*,126.6,5.7512,6.789,,
13082018,10:00,*,14082018,19,14 Miles off Cheticamp,CCGS Perley,ALLAIN/MORIYASU/LANDRY/CORMIER,*,*,*,*,128,F,4,59.96,*,45.01,OF,*,*,100,O,*,**********,M,*,*,*,43.77,19.3,21.22,55.31,31.26,46.37,50.95,7.42,16.9,*,103.6,5.3188,5.304,,
13082018,10:00,*,14082018,19,14 Miles off Cheticamp,CCGS Perley,ALLAIN/MORIYASU/LANDRY/CORMIER,*,*,*,*,129,F,4,59.33,*,41.21,OF,*,*,100,OC,*,******1**1,M,*,*,*,42.94,22.34,26.3,57.44,23.11,39.74,42.96,6.17,11.78,*,79.3,1.8156,6.0669,,
13082018,10:00,*,14082018,19,14 Miles off Cheticamp,CCGS Perley,ALLAIN/MORIYASU/LANDRY/CORMIER,*,*,*,*,130,F,4,64.2,*,44.59,OF,*,*,100,OC,*,**7*******,M,*,*,*,43.17,18.76,18.96,62.18,20.5,43.15,42.28,7.63,10.98,*,104.5,3.8484,6.1743,,
13082018,10:00,*,14082018,19,14 Miles off Cheticamp,CCGS Perley,ALLAIN/MORIYASU/LANDRY/CORMIER,*,*,*,*,131,F,4,56.2,*,41.91,OF,*,*,100,O,*,**********,M,1,*,*,40.23,22.83,17.55,54.54,33.53,47.2,50.21,8.81,16.11,*,78.5,4.617,4.9611,,
13082018,10:00,*,14082018,19,14 Miles off Cheticamp,CCGS Perley,ALLAIN/MORIYASU/LANDRY/CORMIER,*,*,*,*,132,F,4,56.16,*,39.86,OF,*,*,100,O,Eggs fixed in Davidson's,****1*****,M,*,*,*,42.85,22.92,19.68,52.04,31.06,41.26,51.83,8.25,25.09,*,84.1,4.5484,4.5525,,
,,,,,,,,,,,,,,,,,,,,,,,,,,,,,,,,,,,,,,,,,,,
,,,,,,,,,,,,,,,,,,,,,,,,,,,,,,,,,,,,,,,,,,,
,,,,,,,,,,,,,,,,,,,,,,,,,,,,,,,,,,,,,,,,,,,
,,,,,,,,,,,,,,,,,,,,,,,,,,,,,,,,,,,,,,,,,,,
,,,,,,,,,,,,,,,,,,,,,,,,,,,,,,,,,,,,,,,,,,,
,,,,,,,,,,,,,,,,,,,,,,,,,,,,,,,,,,,,,,,,,,,
,,,,,,,,,,,,,,,,,,,,,,,,,,,,,,,,,,,,,,,,,,,
,,,,,,,,,,,,,,,,,,,,,,,,,,,,,,,,,,,,,,,,,,,
,,,,,,,,,,,,,,,,,,,,,,,,,,,,,,,,,,,,,,,,,,,
,,,,,,,,,,,,,,,,,,,,,,,,,,,,,,,,,,,,,,,,,,,
,,,,,,,,,,,,,,,,,,,,,,,,,,,,,,,,,,,,,,,,,,,
,,,,,,,,,,,,,,,,,,,,,,,,,,,,,,,,,,,,,,,,,,,
,,,,,,,,,,,,,,,,,,,,,,,,,,,,,,,,,,,,,,,,,,,
,,,,,,,,,,,,,,,,,,,,,,,,,,,,,,,,,,,,,,,,,,,
,,,,,,,,,,,,,,,,,,,,,,,,,,,,,,,,,,,,,,,,,,,
,,,,,,,,,,,,,,,,,,,,,,,,,,,,,,,,,,,,,,,,,,,
,,,,,,,,,,,,,,,,,,,,,,,,,,,,,,,,,,,,,,,,,,,
,,,,,,,,,,,,,,,,,,,,,,,,,,,,,,,,,,,,,,,,,,,
,,,,,,,,,,,,,,,,,,,,,,,,,,,,,,,,,,,,,,,,,,,
,,,,,,,,,,,,,,,,,,,,,,,,,,,,,,,,,,,,,,,,,,,
,,,,,,,,,,,,,,,,,,,,,,,,,,,,,,,,,,,,,,,,,,,
,,,,,,,,,,,,,,,,,,,,,,,,,,,,,,,,,,,,,,,,,,,
,,,,,,,,,,,,,,,,,,,,,,,,,,,,,,,,,,,,,,,,,,,
,,,,,,,,,,,,,,,,,,,,,,,,,,,,,,,,,,,,,,,,,,,
,,,,,,,,,,,,,,,,,,,,,,,,,,,,,,,,,,,,,,,,,,,
,,,,,,,,,,,,,,,,,,,,,,,,,,,,,,,,,,,,,,,,,,,
,,,,,,,,,,,,,,,,,,,,,,,,,,,,,,,,,,,,,,,,,,,
,,,,,,,,,,,,,,,,,,,,,,,,,,,,,,,,,,,,,,,,,,,
,,,,,,,,,,,,,,,,,,,,,,,,,,,,,,,,,,,,,,,,,,,
,,,,,,,,,,,,,,,,,,,,,,,,,,,,,,,,,,,,,,,,,,,
,,,,,,,,,,,,,,,,,,,,,,,,,,,,,,,,,,,,,,,,,,,
,,,,,,,,,,,,,,,,,,,,,,,,,,,,,,,,,,,,,,,,,,,
,,,,,,,,,,,,,,,,,,,,,,,,,,,,,,,,,,,,,,,,,,,
,,,,,,,,,,,,,,,,,,,,,,,,,,,,,,,,,,,,,,,,,,,
,,,,,,,,,,,,,,,,,,,,,,,,,,,,,,,,,,,,,,,,,,,
,,,,,,,,,,,,,,,,,,,,,,,,,,,,,,,,,,,,,,,,,,,
,,,,,,,,,,,,,,,,,,,,,,,,,,,,,,,,,,,,,,,,,,,
,,,,,,,,,,,,,,,,,,,,,,,,,,,,,,,,,,,,,,,,,,,
,,,,,,,,,,,,,,,,,,,,,,,,,,,,,,,,,,,,,,,,,,,
,,,,,,,,,,,,,,,,,,,,,,,,,,,,,,,,,,,,,,,,,,,
,,,,,,,,,,,,,,,,,,,,,,,,,,,,,,,,,,,,,,,,,,,
,,,,,,,,,,,,,,,,,,,,,,,,,,,,,,,,,,,,,,,,,,,
,,,,,,,,,,,,,,,,,,,,,,,,,,,,,,,,,,,,,,,,,,,
,,,,,,,,,,,,,,,,,,,,,,,,,,,,,,,,,,,,,,,,,,,
,,,,,,,,,,,,,,,,,,,,,,,,,,,,,,,,,,,,,,,,,,,
,,,,,,,,,,,,,,,,,,,,,,,,,,,,,,,,,,,,,,,,,,,
,,,,,,,,,,,,,,,,,,,,,,,,,,,,,,,,,,,,,,,,,,,
,,,,,,,,,,,,,,,,,,,,,,,,,,,,,,,,,,,,,,,,,,,
,,,,,,,,,,,,,,,,,,,,,,,,,,,,,,,,,,,,,,,,,,,
,,,,,,,,,,,,,,,,,,,,,,,,,,,,,,,,,,,,,,,,,,,
,,,,,,,,,,,,,,,,,,,,,,,,,,,,,,,,,,,,,,,,,,,
,,,,,,,,,,,,,,,,,,,,,,,,,,,,,,,,,,,,,,,,,,,
,,,,,,,,,,,,,,,,,,,,,,,,,,,,,,,,,,,,,,,,,,,
,,,,,,,,,,,,,,,,,,,,,,,,,,,,,,,,,,,,,,,,,,,
,,,,,,,,,,,,,,,,,,,,,,,,,,,,,,,,,,,,,,,,,,,
,,,,,,,,,,,,,,,,,,,,,,,,,,,,,,,,,,,,,,,,,,,
,,,,,,,,,,,,,,,,,,,,,,,,,,,,,,,,,,,,,,,,,,,
,,,,,,,,,,,,,,,,,,,,,,,,,,,,,,,,,,,,,,,,,,,
,,,,,,,,,,,,,,,,,,,,,,,,,,,,,,,,,,,,,,,,,,,
,,,,,,,,,,,,,,,,,,,,,,,,,,,,,,,,,,,,,,,,,,,
,,,,,,,,,,,,,,,,,,,,,,,,,,,,,,,,,,,,,,,,,,,
,,,,,,,,,,,,,,,,,,,,,,,,,,,,,,,,,,,,,,,,,,,
,,,,,,,,,,,,,,,,,,,,,,,,,,,,,,,,,,,,,,,,,,,
,,,,,,,,,,,,,,,,,,,,,,,,,,,,,,,,,,,,,,,,,,,
,,,,,,,,,,,,,,,,,,,,,,,,,,,,,,,,,,,,,,,,,,,
,,,,,,,,,,,,,,,,,,,,,,,,,,,,,,,,,,,,,,,,,,,
,,,,,,,,,,,,,,,,,,,,,,,,,,,,,,,,,,,,,,,,,,,
,,,,,,,,,,,,,,,,,,,,,,,,,,,,,,,,,,,,,,,,,,,
,,,,,,,,,,,,,,,,,,,,,,,,,,,,,,,,,,,,,,,,,,,
,,,,,,,,,,,,,,,,,,,,,,,,,,,,,,,,,,,,,,,,,,,
,,,,,,,,,,,,,,,,,,,,,,,,,,,,,,,,,,,,,,,,,,,
,,,,,,,,,,,,,,,,,,,,,,,,,,,,,,,,,,,,,,,,,,,
,,,,,,,,,,,,,,,,,,,,,,,,,,,,,,,,,,,,,,,,,,,
,,,,,,,,,,,,,,,,,,,,,,,,,,,,,,,,,,,,,,,,,,,
,,,,,,,,,,,,,,,,,,,,,,,,,,,,,,,,,,,,,,,,,,,
,,,,,,,,,,,,,,,,,,,,,,,,,,,,,,,,,,,,,,,,,,,
,,,,,,,,,,,,,,,,,,,,,,,,,,,,,,,,,,,,,,,,,,,
,,,,,,,,,,,,,,,,,,,,,,,,,,,,,,,,,,,,,,,,,,,
,,,,,,,,,,,,,,,,,,,,,,,,,,,,,,,,,,,,,,,,,,,
,,,,,,,,,,,,,,,,,,,,,,,,,,,,,,,,,,,,,,,,,,,
,,,,,,,,,,,,,,,,,,,,,,,,,,,,,,,,,,,,,,,,,,,
,,,,,,,,,,,,,,,,,,,,,,,,,,,,,,,,,,,,,,,,,,,
,,,,,,,,,,,,,,,,,,,,,,,,,,,,,,,,,,,,,,,,,,,
,,,,,,,,,,,,,,,,,,,,,,,,,,,,,,,,,,,,,,,,,,,
,,,,,,,,,,,,,,,,,,,,,,,,,,,,,,,,,,,,,,,,,,,
,,,,,,,,,,,,,,,,,,,,,,,,,,,,,,,,,,,,,,,,,,,
,,,,,,,,,,,,,,,,,,,,,,,,,,,,,,,,,,,,,,,,,,,
,,,,,,,,,,,,,,,,,,,,,,,,,,,,,,,,,,,,,,,,,,,
,,,,,,,,,,,,,,,,,,,,,,,,,,,,,,,,,,,,,,,,,,,
,,,,,,,,,,,,,,,,,,,,,,,,,,,,,,,,,,,,,,,,,,,
,,,,,,,,,,,,,,,,,,,,,,,,,,,,,,,,,,,,,,,,,,,
,,,,,,,,,,,,,,,,,,,,,,,,,,,,,,,,,,,,,,,,,,,
,,,,,,,,,,,,,,,,,,,,,,,,,,,,,,,,,,,,,,,,,,,
,,,,,,,,,,,,,,,,,,,,,,,,,,,,,,,,,,,,,,,,,,,
,,,,,,,,,,,,,,,,,,,,,,,,,,,,,,,,,,,,,,,,,,,
,,,,,,,,,,,,,,,,,,,,,,,,,,,,,,,,,,,,,,,,,,,
,,,,,,,,,,,,,,,,,,,,,,,,,,,,,,,,,,,,,,,,,,,
,,,,,,,,,,,,,,,,,,,,,,,,,,,,,,,,,,,,,,,,,,,
,,,,,,,,,,,,,,,,,,,,,,,,,,,,,,,,,,,,,,,,,,,
,,,,,,,,,,,,,,,,,,,,,,,,,,,,,,,,,,,,,,,,,,,
,,,,,,,,,,,,,,,,,,,,,,,,,,,,,,,,,,,,,,,,,,,
,,,,,,,,,,,,,,,,,,,,,,,,,,,,,,,,,,,,,,,,,,,
,,,,,,,,,,,,,,,,,,,,,,,,,,,,,,,,,,,,,,,,,,,
,,,,,,,,,,,,,,,,,,,,,,,,,,,,,,,,,,,,,,,,,,,
,,,,,,,,,,,,,,,,,,,,,,,,,,,,,,,,,,,,,,,,,,,
,,,,,,,,,,,,,,,,,,,,,,,,,,,,,,,,,,,,,,,,,,,
,,,,,,,,,,,,,,,,,,,,,,,,,,,,,,,,,,,,,,,,,,,
,,,,,,,,,,,,,,,,,,,,,,,,,,,,,,,,,,,,,,,,,,,
,,,,,,,,,,,,,,,,,,,,,,,,,,,,,,,,,,,,,,,,,,,
,,,,,,,,,,,,,,,,,,,,,,,,,,,,,,,,,,,,,,,,,,,
,,,,,,,,,,,,,,,,,,,,,,,,,,,,,,,,,,,,,,,,,,,
,,,,,,,,,,,,,,,,,,,,,,,,,,,,,,,,,,,,,,,,,,,
,,,,,,,,,,,,,,,,,,,,,,,,,,,,,,,,,,,,,,,,,,,
,,,,,,,,,,,,,,,,,,,,,,,,,,,,,,,,,,,,,,,,,,,
,,,,,,,,,,,,,,,,,,,,,,,,,,,,,,,,,,,,,,,,,,,
,,,,,,,,,,,,,,,,,,,,,,,,,,,,,,,,,,,,,,,,,,,
,,,,,,,,,,,,,,,,,,,,,,,,,,,,,,,,,,,,,,,,,,,
,,,,,,,,,,,,,,,,,,,,,,,,,,,,,,,,,,,,,,,,,,,
,,,,,,,,,,,,,,,,,,,,,,,,,,,,,,,,,,,,,,,,,,,
,,,,,,,,,,,,,,,,,,,,,,,,,,,,,,,,,,,,,,,,,,,
,,,,,,,,,,,,,,,,,,,,,,,,,,,,,,,,,,,,,,,,,,,
,,,,,,,,,,,,,,,,,,,,,,,,,,,,,,,,,,,,,,,,,,,
,,,,,,,,,,,,,,,,,,,,,,,,,,,,,,,,,,,,,,,,,,,
,,,,,,,,,,,,,,,,,,,,,,,,,,,,,,,,,,,,,,,,,,,
,,,,,,,,,,,,,,,,,,,,,,,,,,,,,,,,,,,,,,,,,,,
,,,,,,,,,,,,,,,,,,,,,,,,,,,,,,,,,,,,,,,,,,,
,,,,,,,,,,,,,,,,,,,,,,,,,,,,,,,,,,,,,,,,,,,
,,,,,,,,,,,,,,,,,,,,,,,,,,,,,,,,,,,,,,,,,,,
,,,,,,,,,,,,,,,,,,,,,,,,,,,,,,,,,,,,,,,,,,,
,,,,,,,,,,,,,,,,,,,,,,,,,,,,,,,,,,,,,,,,,,,
,,,,,,,,,,,,,,,,,,,,,,,,,,,,,,,,,,,,,,,,,,,
,,,,,,,,,,,,,,,,,,,,,,,,,,,,,,,,,,,,,,,,,,,
,,,,,,,,,,,,,,,,,,,,,,,,,,,,,,,,,,,,,,,,,,,
,,,,,,,,,,,,,,,,,,,,,,,,,,,,,,,,,,,,,,,,,,,
,,,,,,,,,,,,,,,,,,,,,,,,,,,,,,,,,,,,,,,,,,,
,,,,,,,,,,,,,,,,,,,,,,,,,,,,,,,,,,,,,,,,,,,
,,,,,,,,,,,,,,,,,,,,,,,,,,,,,,,,,,,,,,,,,,,
,,,,,,,,,,,,,,,,,,,,,,,,,,,,,,,,,,,,,,,,,,,
,,,,,,,,,,,,,,,,,,,,,,,,,,,,,,,,,,,,,,,,,,,
,,,,,,,,,,,,,,,,,,,,,,,,,,,,,,,,,,,,,,,,,,,
,,,,,,,,,,,,,,,,,,,,,,,,,,,,,,,,,,,,,,,,,,,
,,,,,,,,,,,,,,,,,,,,,,,,,,,,,,,,,,,,,,,,,,,
,,,,,,,,,,,,,,,,,,,,,,,,,,,,,,,,,,,,,,,,,,,
,,,,,,,,,,,,,,,,,,,,,,,,,,,,,,,,,,,,,,,,,,,
,,,,,,,,,,,,,,,,,,,,,,,,,,,,,,,,,,,,,,,,,,,
,,,,,,,,,,,,,,,,,,,,,,,,,,,,,,,,,,,,,,,,,,,
,,,,,,,,,,,,,,,,,,,,,,,,,,,,,,,,,,,,,,,,,,,
,,,,,,,,,,,,,,,,,,,,,,,,,,,,,,,,,,,,,,,,,,,
,,,,,,,,,,,,,,,,,,,,,,,,,,,,,,,,,,,,,,,,,,,
,,,,,,,,,,,,,,,,,,,,,,,,,,,,,,,,,,,,,,,,,,,
,,,,,,,,,,,,,,,,,,,,,,,,,,,,,,,,,,,,,,,,,,,
,,,,,,,,,,,,,,,,,,,,,,,,,,,,,,,,,,,,,,,,,,,
,,,,,,,,,,,,,,,,,,,,,,,,,,,,,,,,,,,,,,,,,,,
,,,,,,,,,,,,,,,,,,,,,,,,,,,,,,,,,,,,,,,,,,,
,,,,,,,,,,,,,,,,,,,,,,,,,,,,,,,,,,,,,,,,,,,
,,,,,,,,,,,,,,,,,,,,,,,,,,,,,,,,,,,,,,,,,,,
,,,,,,,,,,,,,,,,,,,,,,,,,,,,,,,,,,,,,,,,,,,
,,,,,,,,,,,,,,,,,,,,,,,,,,,,,,,,,,,,,,,,,,,
,,,,,,,,,,,,,,,,,,,,,,,,,,,,,,,,,,,,,,,,,,,
,,,,,,,,,,,,,,,,,,,,,,,,,,,,,,,,,,,,,,,,,,,
,,,,,,,,,,,,,,,,,,,,,,,,,,,,,,,,,,,,,,,,,,,
,,,,,,,,,,,,,,,,,,,,,,,,,,,,,,,,,,,,,,,,,,,
,,,,,,,,,,,,,,,,,,,,,,,,,,,,,,,,,,,,,,,,,,,
,,,,,,,,,,,,,,,,,,,,,,,,,,,,,,,,,,,,,,,,,,,
,,,,,,,,,,,,,,,,,,,,,,,,,,,,,,,,,,,,,,,,,,,
,,,,,,,,,,,,,,,,,,,,,,,,,,,,,,,,,,,,,,,,,,,
,,,,,,,,,,,,,,,,,,,,,,,,,,,,,,,,,,,,,,,,,,,
,,,,,,,,,,,,,,,,,,,,,,,,,,,,,,,,,,,,,,,,,,,
,,,,,,,,,,,,,,,,,,,,,,,,,,,,,,,,,,,,,,,,,,,
,,,,,,,,,,,,,,,,,,,,,,,,,,,,,,,,,,,,,,,,,,,
,,,,,,,,,,,,,,,,,,,,,,,,,,,,,,,,,,,,,,,,,,,
,,,,,,,,,,,,,,,,,,,,,,,,,,,,,,,,,,,,,,,,,,,
,,,,,,,,,,,,,,,,,,,,,,,,,,,,,,,,,,,,,,,,,,,
,,,,,,,,,,,,,,,,,,,,,,,,,,,,,,,,,,,,,,,,,,,
,,,,,,,,,,,,,,,,,,,,,,,,,,,,,,,,,,,,,,,,,,,
,,,,,,,,,,,,,,,,,,,,,,,,,,,,,,,,,,,,,,,,,,,
,,,,,,,,,,,,,,,,,,,,,,,,,,,,,,,,,,,,,,,,,,,
,,,,,,,,,,,,,,,,,,,,,,,,,,,,,,,,,,,,,,,,,,,
,,,,,,,,,,,,,,,,,,,,,,,,,,,,,,,,,,,,,,,,,,,
,,,,,,,,,,,,,,,,,,,,,,,,,,,,,,,,,,,,,,,,,,,
,,,,,,,,,,,,,,,,,,,,,,,,,,,,,,,,,,,,,,,,,,,
,,,,,,,,,,,,,,,,,,,,,,,,,,,,,,,,,,,,,,,,,,,
,,,,,,,,,,,,,,,,,,,,,,,,,,,,,,,,,,,,,,,,,,,
,,,,,,,,,,,,,,,,,,,,,,,,,,,,,,,,,,,,,,,,,,,
,,,,,,,,,,,,,,,,,,,,,,,,,,,,,,,,,,,,,,,,,,,
,,,,,,,,,,,,,,,,,,,,,,,,,,,,,,,,,,,,,,,,,,,
,,,,,,,,,,,,,,,,,,,,,,,,,,,,,,,,,,,,,,,,,,,
,,,,,,,,,,,,,,,,,,,,,,,,,,,,,,,,,,,,,,,,,,,
,,,,,,,,,,,,,,,,,,,,,,,,,,,,,,,,,,,,,,,,,,,
,,,,,,,,,,,,,,,,,,,,,,,,,,,,,,,,,,,,,,,,,,,
,,,,,,,,,,,,,,,,,,,,,,,,,,,,,,,,,,,,,,,,,,,
,,,,,,,,,,,,,,,,,,,,,,,,,,,,,,,,,,,,,,,,,,,
,,,,,,,,,,,,,,,,,,,,,,,,,,,,,,,,,,,,,,,,,,,
,,,,,,,,,,,,,,,,,,,,,,,,,,,,,,,,,,,,,,,,,,,
,,,,,,,,,,,,,,,,,,,,,,,,,,,,,,,,,,,,,,,,,,,
,,,,,,,,,,,,,,,,,,,,,,,,,,,,,,,,,,,,,,,,,,,
,,,,,,,,,,,,,,,,,,,,,,,,,,,,,,,,,,,,,,,,,,,
,,,,,,,,,,,,,,,,,,,,,,,,,,,,,,,,,,,,,,,,,,,
,,,,,,,,,,,,,,,,,,,,,,,,,,,,,,,,,,,,,,,,,,,
,,,,,,,,,,,,,,,,,,,,,,,,,,,,,,,,,,,,,,,,,,,
,,,,,,,,,,,,,,,,,,,,,,,,,,,,,,,,,,,,,,,,,,,
,,,,,,,,,,,,,,,,,,,,,,,,,,,,,,,,,,,,,,,,,,,
,,,,,,,,,,,,,,,,,,,,,,,,,,,,,,,,,,,,,,,,,,,
,,,,,,,,,,,,,,,,,,,,,,,,,,,,,,,,,,,,,,,,,,,
,,,,,,,,,,,,,,,,,,,,,,,,,,,,,,,,,,,,,,,,,,,
,,,,,,,,,,,,,,,,,,,,,,,,,,,,,,,,,,,,,,,,,,,
,,,,,,,,,,,,,,,,,,,,,,,,,,,,,,,,,,,,,,,,,,,
,,,,,,,,,,,,,,,,,,,,,,,,,,,,,,,,,,,,,,,,,,,
,,,,,,,,,,,,,,,,,,,,,,,,,,,,,,,,,,,,,,,,,,,
,,,,,,,,,,,,,,,,,,,,,,,,,,,,,,,,,,,,,,,,,,,
,,,,,,,,,,,,,,,,,,,,,,,,,,,,,,,,,,,,,,,,,,,
,,,,,,,,,,,,,,,,,,,,,,,,,,,,,,,,,,,,,,,,,,,
,,,,,,,,,,,,,,,,,,,,,,,,,,,,,,,,,,,,,,,,,,,
,,,,,,,,,,,,,,,,,,,,,,,,,,,,,,,,,,,,,,,,,,,
,,,,,,,,,,,,,,,,,,,,,,,,,,,,,,,,,,,,,,,,,,,
,,,,,,,,,,,,,,,,,,,,,,,,,,,,,,,,,,,,,,,,,,,
,,,,,,,,,,,,,,,,,,,,,,,,,,,,,,,,,,,,,,,,,,,
,,,,,,,,,,,,,,,,,,,,,,,,,,,,,,,,,,,,,,,,,,,
,,,,,,,,,,,,,,,,,,,,,,,,,,,,,,,,,,,,,,,,,,,
,,,,,,,,,,,,,,,,,,,,,,,,,,,,,,,,,,,,,,,,,,,
,,,,,,,,,,,,,,,,,,,,,,,,,,,,,,,,,,,,,,,,,,,
,,,,,,,,,,,,,,,,,,,,,,,,,,,,,,,,,,,,,,,,,,,
,,,,,,,,,,,,,,,,,,,,,,,,,,,,,,,,,,,,,,,,,,,
,,,,,,,,,,,,,,,,,,,,,,,,,,,,,,,,,,,,,,,,,,,
,,,,,,,,,,,,,,,,,,,,,,,,,,,,,,,,,,,,,,,,,,,
,,,,,,,,,,,,,,,,,,,,,,,,,,,,,,,,,,,,,,,,,,,
,,,,,,,,,,,,,,,,,,,,,,,,,,,,,,,,,,,,,,,,,,,
,,,,,,,,,,,,,,,,,,,,,,,,,,,,,,,,,,,,,,,,,,,
,,,,,,,,,,,,,,,,,,,,,,,,,,,,,,,,,,,,,,,,,,,
,,,,,,,,,,,,,,,,,,,,,,,,,,,,,,,,,,,,,,,,,,,
,,,,,,,,,,,,,,,,,,,,,,,,,,,,,,,,,,,,,,,,,,,
,,,,,,,,,,,,,,,,,,,,,,,,,,,,,,,,,,,,,,,,,,,
,,,,,,,,,,,,,,,,,,,,,,,,,,,,,,,,,,,,,,,,,,,
,,,,,,,,,,,,,,,,,,,,,,,,,,,,,,,,,,,,,,,,,,,
,,,,,,,,,,,,,,,,,,,,,,,,,,,,,,,,,,,,,,,,,,,
,,,,,,,,,,,,,,,,,,,,,,,,,,,,,,,,,,,,,,,,,,,
,,,,,,,,,,,,,,,,,,,,,,,,,,,,,,,,,,,,,,,,,,,
,,,,,,,,,,,,,,,,,,,,,,,,,,,,,,,,,,,,,,,,,,,
,,,,,,,,,,,,,,,,,,,,,,,,,,,,,,,,,,,,,,,,,,,
,,,,,,,,,,,,,,,,,,,,,,,,,,,,,,,,,,,,,,,,,,,
,,,,,,,,,,,,,,,,,,,,,,,,,,,,,,,,,,,,,,,,,,,
,,,,,,,,,,,,,,,,,,,,,,,,,,,,,,,,,,,,,,,,,,,
,,,,,,,,,,,,,,,,,,,,,,,,,,,,,,,,,,,,,,,,,,,
,,,,,,,,,,,,,,,,,,,,,,,,,,,,,,,,,,,,,,,,,,,
,,,,,,,,,,,,,,,,,,,,,,,,,,,,,,,,,,,,,,,,,,,
,,,,,,,,,,,,,,,,,,,,,,,,,,,,,,,,,,,,,,,,,,,
,,,,,,,,,,,,,,,,,,,,,,,,,,,,,,,,,,,,,,,,,,,
,,,,,,,,,,,,,,,,,,,,,,,,,,,,,,,,,,,,,,,,,,,
,,,,,,,,,,,,,,,,,,,,,,,,,,,,,,,,,,,,,,,,,,,
,,,,,,,,,,,,,,,,,,,,,,,,,,,,,,,,,,,,,,,,,,,
,,,,,,,,,,,,,,,,,,,,,,,,,,,,,,,,,,,,,,,,,,,
,,,,,,,,,,,,,,,,,,,,,,,,,,,,,,,,,,,,,,,,,,,
,,,,,,,,,,,,,,,,,,,,,,,,,,,,,,,,,,,,,,,,,,,
,,,,,,,,,,,,,,,,,,,,,,,,,,,,,,,,,,,,,,,,,,,
,,,,,,,,,,,,,,,,,,,,,,,,,,,,,,,,,,,,,,,,,,,
,,,,,,,,,,,,,,,,,,,,,,,,,,,,,,,,,,,,,,,,,,,
,,,,,,,,,,,,,,,,,,,,,,,,,,,,,,,,,,,,,,,,,,,
,,,,,,,,,,,,,,,,,,,,,,,,,,,,,,,,,,,,,,,,,,,
,,,,,,,,,,,,,,,,,,,,,,,,,,,,,,,,,,,,,,,,,,,
,,,,,,,,,,,,,,,,,,,,,,,,,,,,,,,,,,,,,,,,,,,
,,,,,,,,,,,,,,,,,,,,,,,,,,,,,,,,,,,,,,,,,,,
,,,,,,,,,,,,,,,,,,,,,,,,,,,,,,,,,,,,,,,,,,,
,,,,,,,,,,,,,,,,,,,,,,,,,,,,,,,,,,,,,,,,,,,
,,,,,,,,,,,,,,,,,,,,,,,,,,,,,,,,,,,,,,,,,,,
,,,,,,,,,,,,,,,,,,,,,,,,,,,,,,,,,,,,,,,,,,,
,,,,,,,,,,,,,,,,,,,,,,,,,,,,,,,,,,,,,,,,,,,
,,,,,,,,,,,,,,,,,,,,,,,,,,,,,,,,,,,,,,,,,,,
,,,,,,,,,,,,,,,,,,,,,,,,,,,,,,,,,,,,,,,,,,,
,,,,,,,,,,,,,,,,,,,,,,,,,,,,,,,,,,,,,,,,,,,
,,,,,,,,,,,,,,,,,,,,,,,,,,,,,,,,,,,,,,,,,,,
,,,,,,,,,,,,,,,,,,,,,,,,,,,,,,,,,,,,,,,,,,,
,,,,,,,,,,,,,,,,,,,,,,,,,,,,,,,,,,,,,,,,,,,
,,,,,,,,,,,,,,,,,,,,,,,,,,,,,,,,,,,,,,,,,,,
,,,,,,,,,,,,,,,,,,,,,,,,,,,,,,,,,,,,,,,,,,,
,,,,,,,,,,,,,,,,,,,,,,,,,,,,,,,,,,,,,,,,,,,
,,,,,,,,,,,,,,,,,,,,,,,,,,,,,,,,,,,,,,,,,,,
,,,,,,,,,,,,,,,,,,,,,,,,,,,,,,,,,,,,,,,,,,,
,,,,,,,,,,,,,,,,,,,,,,,,,,,,,,,,,,,,,,,,,,,
,,,,,,,,,,,,,,,,,,,,,,,,,,,,,,,,,,,,,,,,,,,
,,,,,,,,,,,,,,,,,,,,,,,,,,,,,,,,,,,,,,,,,,,
,,,,,,,,,,,,,,,,,,,,,,,,,,,,,,,,,,,,,,,,,,,
,,,,,,,,,,,,,,,,,,,,,,,,,,,,,,,,,,,,,,,,,,,
,,,,,,,,,,,,,,,,,,,,,,,,,,,,,,,,,,,,,,,,,,,
,,,,,,,,,,,,,,,,,,,,,,,,,,,,,,,,,,,,,,,,,,,
,,,,,,,,,,,,,,,,,,,,,,,,,,,,,,,,,,,,,,,,,,,
,,,,,,,,,,,,,,,,,,,,,,,,,,,,,,,,,,,,,,,,,,,
,,,,,,,,,,,,,,,,,,,,,,,,,,,,,,,,,,,,,,,,,,,
,,,,,,,,,,,,,,,,,,,,,,,,,,,,,,,,,,,,,,,,,,,
,,,,,,,,,,,,,,,,,,,,,,,,,,,,,,,,,,,,,,,,,,,
,,,,,,,,,,,,,,,,,,,,,,,,,,,,,,,,,,,,,,,,,,,
,,,,,,,,,,,,,,,,,,,,,,,,,,,,,,,,,,,,,,,,,,,
,,,,,,,,,,,,,,,,,,,,,,,,,,,,,,,,,,,,,,,,,,,
,,,,,,,,,,,,,,,,,,,,,,,,,,,,,,,,,,,,,,,,,,,
,,,,,,,,,,,,,,,,,,,,,,,,,,,,,,,,,,,,,,,,,,,
,,,,,,,,,,,,,,,,,,,,,,,,,,,,,,,,,,,,,,,,,,,
,,,,,,,,,,,,,,,,,,,,,,,,,,,,,,,,,,,,,,,,,,,
,,,,,,,,,,,,,,,,,,,,,,,,,,,,,,,,,,,,,,,,,,,
,,,,,,,,,,,,,,,,,,,,,,,,,,,,,,,,,,,,,,,,,,,
,,,,,,,,,,,,,,,,,,,,,,,,,,,,,,,,,,,,,,,,,,,
,,,,,,,,,,,,,,,,,,,,,,,,,,,,,,,,,,,,,,,,,,,
,,,,,,,,,,,,,,,,,,,,,,,,,,,,,,,,,,,,,,,,,,,
,,,,,,,,,,,,,,,,,,,,,,,,,,,,,,,,,,,,,,,,,,,
,,,,,,,,,,,,,,,,,,,,,,,,,,,,,,,,,,,,,,,,,,,
,,,,,,,,,,,,,,,,,,,,,,,,,,,,,,,,,,,,,,,,,,,
,,,,,,,,,,,,,,,,,,,,,,,,,,,,,,,,,,,,,,,,,,,
,,,,,,,,,,,,,,,,,,,,,,,,,,,,,,,,,,,,,,,,,,,
,,,,,,,,,,,,,,,,,,,,,,,,,,,,,,,,,,,,,,,,,,,
,,,,,,,,,,,,,,,,,,,,,,,,,,,,,,,,,,,,,,,,,,,
,,,,,,,,,,,,,,,,,,,,,,,,,,,,,,,,,,,,,,,,,,,
